model_type,id,precision_macro,precision_micro,precision_weighted,recall_macro,recall_micro,recall_weighted,accuracy,balanced_accuracy,f1_macro,f1_micro,f1_weighted,fbeta_2_macro,fbeta_3_macro,fbeta_4_macro,fbeta_2_micro,fbeta_3_micro,fbeta_4_micro,fbeta_2_weighted,fbeta_3_weighted,fbeta_4_weighted,cohen_kappa,matthew_coef,tp_HV,tp_CS,tp_PA,tp_PHT,tp_PPGL,fp_HV,fp_CS,fp_PA,fp_PHT,fp_PPGL,tn_HV,tn_CS,tn_PA,tn_PHT,tn_PPGL,fn_HV,fn_CS,fn_PA,fn_PHT,fn_PPGL
KNearestNeighbours,KNN-1-1,0.5577777777777777,0.5466666666666666,0.5786666666666667,0.49171873877756234,0.5466666666666666,0.5466666666666666,0.5466666666666666,0.49171873877756234,0.49334260829239307,0.5466666666666666,0.5346684636899846,0.4888815512878481,0.48981382653988403,0.4904849852654821,0.5466666666666666,0.5466666666666666,0.5466666666666666,0.5385880472462182,0.5421555997045918,0.5439020795501274,0.4079405618760158,0.41487252861769924,17.0,2.0,9.0,10.0,3.0,7.0,3.0,15.0,8.0,1.0,47.0,66.0,43.0,49.0,61.0,4.0,4.0,8.0,8.0,10.0
KNearestNeighbours,KNN-2-1,0.5759103641456582,0.48,0.5347525676937441,0.4226028873087696,0.48,0.48,0.48,0.4226028873087696,0.4329210237870892,0.48,0.4751201481965784,0.42180110658124637,0.4214967572404169,0.42178435214392007,0.48,0.47999999999999987,0.48,0.4743646864686468,0.476570201065929,0.47783053541814724,0.32181776025968,0.3273440333847047,13.0,1.0,6.0,12.0,4.0,4.0,0.0,11.0,16.0,8.0,50.0,69.0,47.0,41.0,54.0,8.0,5.0,11.0,6.0,9.0
KNearestNeighbours,KNN-3-1,0.5580756843800322,0.5733333333333334,0.5724363929146538,0.495503842562666,0.5733333333333334,0.5733333333333334,0.5733333333333334,0.495503842562666,0.49887445887445886,0.5733333333333334,0.5542366522366522,0.49283017386465655,0.49356767839818677,0.494223195403196,0.5733333333333334,0.5733333333333334,0.5733333333333334,0.5622918295332088,0.5672619740585843,0.5696284750427881,0.4393833216538192,0.44600160083726625,20.0,1.0,9.0,8.0,5.0,7.0,1.0,14.0,7.0,3.0,47.0,68.0,44.0,50.0,59.0,1.0,5.0,8.0,10.0,8.0
KNearestNeighbours,KNN-4-1,0.6360474308300396,0.5466666666666666,0.5935599472990778,0.4832507361919126,0.5466666666666666,0.5466666666666666,0.5466666666666666,0.4832507361919126,0.4972878802147095,0.5466666666666666,0.5431515836393885,0.4852564978880768,0.48381734145158245,0.48348666386125494,0.5466666666666666,0.5466666666666666,0.5466666666666666,0.5432703904282852,0.5446962069448379,0.5454442833003101,0.407252440725244,0.41040818520116545,16.0,1.0,8.0,10.0,6.0,4.0,0.0,12.0,13.0,5.0,50.0,69.0,46.0,44.0,57.0,5.0,5.0,9.0,8.0,7.0
KNearestNeighbours,KNN-5-1,0.5081521739130435,0.6,0.5745169082125604,0.49681103210514976,0.6,0.6,0.6,0.49681103210514976,0.4780082559339525,0.6,0.5625614035087719,0.48479734119480045,0.49007281034023203,0.49266915781701587,0.6,0.6,0.6,0.5800502884894899,0.5891834484375319,0.593429731145828,0.4690891930155734,0.4815258536997682,20.0,0.0,11.0,9.0,5.0,10.0,0.0,12.0,7.0,1.0,44.0,69.0,46.0,50.0,61.0,1.0,6.0,6.0,9.0,8.0
KNearestNeighbours,KNN-6-1,0.4308181818181819,0.5333333333333333,0.498660606060606,0.44312289018171375,0.5333333333333333,0.5333333333333333,0.5333333333333333,0.44312289018171375,0.4282780529920118,0.5333333333333333,0.5073381335166232,0.4354274697513628,0.43899352983465134,0.44062611054102946,0.5333333333333333,0.5333333333333333,0.5333333333333333,0.5210960421929709,0.5269132860908563,0.529483806412312,0.38409197559831065,0.3891993402295717,18.0,0.0,9.0,8.0,5.0,7.0,0.0,13.0,12.0,3.0,47.0,69.0,45.0,45.0,59.0,3.0,6.0,8.0,10.0,8.0
KNearestNeighbours,KNN-7-1,0.4846844319775596,0.5733333333333334,0.5454954028362163,0.4745888098829275,0.5733333333333334,0.5733333333333334,0.5733333333333334,0.4745888098829275,0.4539577965893756,0.5733333333333334,0.5330975340449026,0.46145883102404844,0.4672150400240519,0.4700528716811106,0.5733333333333334,0.5733333333333334,0.5733333333333334,0.5517389656819942,0.5615880800564554,0.5661889385458335,0.43329397874852427,0.4461844131381832,20.0,0.0,11.0,7.0,5.0,11.0,0.0,12.0,8.0,1.0,43.0,69.0,46.0,49.0,61.0,1.0,6.0,6.0,11.0,8.0
KNearestNeighbours,KNN-8-1,0.45745484400656816,0.56,0.5233574165298304,0.46282410400057455,0.56,0.56,0.56,0.46282410400057455,0.4424094604582409,0.56,0.5230539541759054,0.4508923354431979,0.4562217953026586,0.45878385695521756,0.56,0.5599999999999999,0.56,0.5409740682381173,0.5497487249540058,0.5537866555139194,0.4172356957852602,0.4275674878006962,20.0,0.0,10.0,7.0,5.0,9.0,0.0,14.0,8.0,2.0,45.0,69.0,44.0,49.0,60.0,1.0,6.0,7.0,11.0,8.0
KNearestNeighbours,KNN-9-1,0.4420977011494253,0.5466666666666666,0.5081034482758621,0.4474394886159592,0.5466666666666666,0.5466666666666666,0.5466666666666666,0.4474394886159592,0.4241244431020162,0.5466666666666666,0.5063750912431725,0.4341977744032247,0.4401729246143584,0.44300711028124795,0.5466666666666666,0.5466666666666666,0.5466666666666666,0.5262006768136447,0.535691583755985,0.5400273480293897,0.3988684582743989,0.4092014382139574,20.0,0.0,10.0,7.0,4.0,9.0,0.0,14.0,9.0,2.0,45.0,69.0,44.0,48.0,60.0,1.0,6.0,7.0,11.0,9.0
KNearestNeighbours,KNN-10-1,0.4550237486298868,0.56,0.5211837778589696,0.46282410400057455,0.56,0.56,0.56,0.46282410400057455,0.44326530612244897,0.56,0.5245714285714286,0.45185898656666135,0.4568256126645025,0.45916997842842877,0.56,0.5599999999999999,0.56,0.5423704746976505,0.5505996166385425,0.5543264065102559,0.417510002353495,0.4258903683002013,20.0,0.0,10.0,7.0,5.0,8.0,0.0,13.0,10.0,2.0,46.0,69.0,45.0,47.0,60.0,1.0,6.0,7.0,11.0,8.0
KNearestNeighbours,KNN-11-1,0.4383333333333333,0.5466666666666666,0.5021111111111111,0.44809308338720105,0.5466666666666666,0.5466666666666666,0.5466666666666666,0.44809308338720105,0.42111761731183306,0.5466666666666666,0.5014890428104956,0.432934848365291,0.43977944771321403,0.4430218356205534,0.5466666666666666,0.5466666666666666,0.5466666666666666,0.5236500170967147,0.5342985484649366,0.5391774486435431,0.3984430290162775,0.4099441145551602,20.0,0.0,11.0,6.0,4.0,10.0,0.0,13.0,9.0,2.0,44.0,69.0,45.0,48.0,60.0,1.0,6.0,6.0,12.0,9.0
KNearestNeighbours,KNN-12-1,0.4648809523809524,0.5733333333333334,0.5326984126984127,0.4745888098829275,0.5733333333333334,0.5733333333333334,0.5733333333333334,0.4745888098829275,0.45293532046965124,0.5733333333333334,0.5356876409100225,0.4624278632200519,0.46792242922933847,0.4705237792906091,0.5733333333333334,0.5733333333333334,0.5733333333333334,0.5544081195149728,0.5632053017380543,0.567211159940658,0.43529411764705883,0.4449203495521899,20.0,0.0,11.0,7.0,5.0,8.0,0.0,13.0,9.0,2.0,46.0,69.0,45.0,48.0,60.0,1.0,6.0,6.0,11.0,8.0
KNearestNeighbours,KNN-13-1,0.4379487179487179,0.5466666666666666,0.5065641025641026,0.4438195791136968,0.5466666666666666,0.5466666666666666,0.5466666666666666,0.4438195791136968,0.41335499316005475,0.5466666666666666,0.49835461316309476,0.42648680087155044,0.43427921217375187,0.43799097639500345,0.5466666666666666,0.5466666666666666,0.5466666666666666,0.5215266022552669,0.5330776238219841,0.5384183099244921,0.3980169971671389,0.4124105248131465,20.0,0.0,11.0,7.0,3.0,10.0,0.0,15.0,7.0,2.0,44.0,69.0,43.0,50.0,60.0,1.0,6.0,6.0,11.0,10.0
KNearestNeighbours,KNN-14-1,0.4432208895552224,0.56,0.5119875062468766,0.46282410400057455,0.56,0.56,0.56,0.46282410400057455,0.4400865800865801,0.56,0.5216911976911977,0.4506743637808636,0.45621864736621376,0.4588071656403315,0.56,0.5599999999999999,0.56,0.5411036815217468,0.5499172003034544,0.553910689020557,0.41778405081157377,0.4268003243731761,20.0,0.0,10.0,7.0,5.0,9.0,0.0,13.0,8.0,3.0,45.0,69.0,45.0,49.0,59.0,1.0,6.0,7.0,11.0,8.0
KNearestNeighbours,KNN-15-1,0.40235411140583555,0.52,0.471949602122016,0.4166702578467284,0.52,0.52,0.52,0.4166702578467284,0.38243502051983586,0.52,0.4690341997264022,0.3986338694256224,0.40692761874045685,0.41076027497688106,0.52,0.5200000000000001,0.52,0.49476191291292015,0.5065423168767192,0.5118745160633861,0.36230514879546527,0.374838502928429,20.0,0.0,10.0,7.0,2.0,9.0,0.0,16.0,9.0,2.0,45.0,69.0,42.0,48.0,60.0,1.0,6.0,7.0,11.0,11.0
KNearestNeighbours,KNN-16-1,0.45524469907903187,0.56,0.520463696723067,0.46282410400057455,0.56,0.56,0.56,0.46282410400057455,0.4423529411764706,0.56,0.5228235294117647,0.4511724775899067,0.4564194488520547,0.45891484827722023,0.56,0.5599999999999999,0.56,0.5412306082997549,0.5499431083230226,0.5539178869387712,0.41709844559585496,0.4264598479091896,20.0,0.0,10.0,7.0,5.0,9.0,0.0,13.0,9.0,2.0,45.0,69.0,45.0,48.0,60.0,1.0,6.0,7.0,11.0,8.0
KNearestNeighbours,KNN-17-1,0.4064132104454686,0.5333333333333333,0.47405785970302095,0.4327084680025856,0.5333333333333333,0.5333333333333333,0.5333333333333333,0.4327084680025856,0.3993211217537277,0.5333333333333333,0.4817474737500411,0.4149698406610648,0.4230742731156125,0.426850675169627,0.5333333333333333,0.5333333333333333,0.5333333333333333,0.5075340236858314,0.5195063491466964,0.5249667570212861,0.38031161473087827,0.3926315207230867,20.0,0.0,11.0,6.0,3.0,11.0,0.0,13.0,8.0,3.0,43.0,69.0,45.0,49.0,59.0,1.0,6.0,6.0,12.0,10.0
KNearestNeighbours,KNN-18-1,0.42171295304728584,0.5466666666666666,0.4908076120669824,0.4517129928894635,0.5466666666666666,0.5466666666666666,0.5466666666666666,0.4517129928894635,0.4259090909090909,0.5466666666666666,0.5061212121212121,0.43861591530780697,0.44466949971537123,0.4474462898502063,0.5466666666666666,0.5466666666666666,0.5466666666666666,0.527088916760272,0.5362698633340834,0.5403985346986796,0.40084586466165417,0.4093594040848566,20.0,0.0,10.0,6.0,5.0,9.0,0.0,13.0,8.0,4.0,45.0,69.0,45.0,49.0,58.0,1.0,6.0,7.0,12.0,8.0
KNearestNeighbours,KNN-19-1,0.4132992327365729,0.5333333333333333,0.4797783461210571,0.4327084680025856,0.5333333333333333,0.5333333333333333,0.5333333333333333,0.4327084680025856,0.3986124401913876,0.5333333333333333,0.4790398724082935,0.4135233556624557,0.4221182023556744,0.42622699620260207,0.5333333333333333,0.5333333333333333,0.5333333333333333,0.5048263445107397,0.5178227863537334,0.5238893243314595,0.37884524372929484,0.3951441382227916,20.0,0.0,11.0,6.0,3.0,14.0,0.0,12.0,6.0,3.0,40.0,69.0,46.0,51.0,59.0,1.0,6.0,6.0,12.0,10.0
KNearestNeighbours,KNN-20-1,0.4210957501280082,0.5466666666666666,0.4877351083802697,0.4517129928894635,0.5466666666666666,0.5466666666666666,0.5466666666666666,0.4517129928894635,0.4250184026499816,0.5466666666666666,0.5034707397865293,0.4380072490152778,0.4443076081007115,0.4472177418726907,0.5466666666666666,0.5466666666666666,0.5466666666666666,0.5255782664382811,0.5354149043804215,0.5398687759719539,0.3997175141242938,0.40908850816270353,20.0,0.0,10.0,6.0,5.0,11.0,0.0,11.0,8.0,4.0,43.0,69.0,47.0,49.0,58.0,1.0,6.0,7.0,12.0,8.0
KNearestNeighbours,KNN-21-1,0.41833333333333333,0.5466666666666666,0.487,0.4474394886159592,0.5466666666666666,0.5466666666666666,0.5466666666666666,0.4474394886159592,0.42009046537348427,0.5466666666666666,0.5016932050894315,0.43317659352142107,0.4396984567270472,0.44273178260847723,0.5466666666666666,0.5466666666666666,0.5466666666666666,0.5244966910484152,0.5347967806673355,0.53948444947069,0.3984430290162774,0.40868468265546365,20.0,0.0,10.0,7.0,4.0,12.0,0.0,10.0,8.0,4.0,42.0,69.0,48.0,49.0,58.0,1.0,6.0,7.0,11.0,9.0
KNearestNeighbours,KNN-22-1,0.41833333333333333,0.5466666666666666,0.487,0.4474394886159592,0.5466666666666666,0.5466666666666666,0.5466666666666666,0.4474394886159592,0.42009046537348427,0.5466666666666666,0.5016932050894315,0.43317659352142107,0.4396984567270472,0.44273178260847723,0.5466666666666666,0.5466666666666666,0.5466666666666666,0.5244966910484152,0.5347967806673355,0.53948444947069,0.3984430290162774,0.40868468265546365,20.0,0.0,10.0,7.0,4.0,12.0,0.0,10.0,8.0,4.0,42.0,69.0,48.0,49.0,58.0,1.0,6.0,7.0,11.0,9.0
KNearestNeighbours,KNN-23-1,0.3744047619047619,0.52,0.44571428571428573,0.4166702578467284,0.52,0.52,0.52,0.4166702578467284,0.3806647584555173,0.52,0.46593375781295643,0.3988015568313902,0.40711001444526473,0.4108887389458415,0.52,0.5200000000000001,0.52,0.4940597372406748,0.5062281687068161,0.5116950444538537,0.36170212765957455,0.3723113983803865,20.0,0.0,10.0,7.0,2.0,12.0,0.0,11.0,9.0,4.0,42.0,69.0,47.0,48.0,58.0,1.0,6.0,7.0,11.0,11.0
KNearestNeighbours,KNN-24-1,0.4176036866359447,0.5466666666666666,0.48724833589349714,0.4474394886159592,0.5466666666666666,0.5466666666666666,0.5466666666666666,0.4474394886159592,0.4201482727798517,0.5466666666666666,0.5025327888485782,0.4333990308216678,0.43985675575155403,0.44283787692207516,0.5466666666666666,0.5466666666666666,0.5466666666666666,0.5251485867553115,0.5351955746831258,0.5397389549851895,0.3990101343389112,0.40850550612109404,20.0,0.0,10.0,7.0,4.0,11.0,0.0,11.0,8.0,4.0,43.0,69.0,47.0,49.0,58.0,1.0,6.0,7.0,11.0,9.0
KNearestNeighbours,KNN-25-1,0.41875,0.5333333333333333,0.48148809523809527,0.43856927386339156,0.5333333333333333,0.5333333333333333,0.5333333333333333,0.43856927386339156,0.41121673923560714,0.5333333333333333,0.4879512981777133,0.4235793777004548,0.430357934285828,0.43355984544227166,0.5333333333333333,0.5333333333333333,0.5333333333333333,0.5103068557255555,0.5209323326894485,0.5258145132414875,0.38031161473087816,0.39181945879744984,19.0,0.0,11.0,6.0,4.0,13.0,0.0,11.0,8.0,3.0,41.0,69.0,47.0,49.0,59.0,2.0,6.0,6.0,12.0,9.0
KNearestNeighbours,KNN-26-1,0.39781874039938553,0.52,0.46221607782898105,0.42680456798103855,0.52,0.52,0.52,0.42680456798103855,0.4003347529663319,0.52,0.47721810353389305,0.41320912577419155,0.4194664116323964,0.42235244963275226,0.52,0.5200000000000001,0.52,0.4991815702635574,0.5089089799219547,0.5133035812025797,0.36365778930002357,0.37231187002058364,19.0,0.0,10.0,6.0,4.0,12.0,0.0,11.0,9.0,4.0,42.0,69.0,47.0,48.0,58.0,2.0,6.0,7.0,12.0,9.0
KNearestNeighbours,KNN-27-1,0.35540792540792543,0.48,0.4172975912975913,0.38492422610069665,0.48,0.48,0.48,0.38492422610069665,0.3472622898271994,0.48,0.42354401608532216,0.36500006327708573,0.37409526384241576,0.3783359034870943,0.48,0.47999999999999987,0.48,0.4515364251667926,0.4646866324110003,0.47071734911932084,0.3076923076923076,0.3205983838892312,19.0,0.0,10.0,5.0,2.0,14.0,0.0,14.0,8.0,3.0,40.0,69.0,44.0,49.0,59.0,2.0,6.0,7.0,13.0,11.0
KNearestNeighbours,KNN-28-1,0.41229992833253704,0.52,0.47461757445453095,0.42680456798103855,0.52,0.52,0.52,0.42680456798103855,0.400815581253804,0.52,0.47632460945425037,0.41206805880199493,0.41866962259751633,0.42182761588123113,0.52,0.5200000000000001,0.52,0.49731541386954453,0.5077115534686691,0.5125329475726127,0.36275666745338686,0.37469348914908535,19.0,0.0,10.0,6.0,4.0,13.0,0.0,13.0,7.0,3.0,41.0,69.0,45.0,50.0,59.0,2.0,6.0,7.0,12.0,9.0
KNearestNeighbours,KNN-29-1,0.3288454512239679,0.48,0.3939240043843624,0.3813043165984343,0.48,0.48,0.48,0.3813043165984343,0.334211229946524,0.48,0.41351336898395724,0.3578927477725271,0.36875069488196266,0.3737033821890772,0.48,0.47999999999999987,0.48,0.447663698146552,0.4627385761405329,0.469565088194996,0.30621442125237197,0.31999738163545527,19.0,0.0,11.0,5.0,1.0,15.0,0.0,12.0,9.0,3.0,39.0,69.0,46.0,48.0,59.0,2.0,6.0,6.0,13.0,12.0
KNearestNeighbours,KNN-30-1,0.3903896103896104,0.5066666666666667,0.4518152958152958,0.41141995259642317,0.5066666666666667,0.5066666666666667,0.5066666666666667,0.41141995259642317,0.38188906609959244,0.5066666666666667,0.4583448520290625,0.39544236812737393,0.4026907978811729,0.40609899038404257,0.5066666666666667,0.5066666666666667,0.5066666666666667,0.4822774582170165,0.49354019384097353,0.49870842442030283,0.34350603264726753,0.3548940321783651,19.0,0.0,10.0,6.0,3.0,14.0,0.0,11.0,9.0,3.0,40.0,69.0,47.0,48.0,59.0,2.0,6.0,7.0,12.0,10.0
KNearestNeighbours,KNN-31-1,0.3550802139037433,0.49333333333333335,0.42084373143196674,0.3917618329383035,0.49333333333333335,0.49333333333333335,0.49333333333333335,0.3917618329383035,0.34830484330484335,0.4933333333333334,0.43094301994302003,0.3703377770793501,0.38033584262634534,0.38486054014198345,0.4933333333333333,0.4933333333333333,0.4933333333333334,0.46341595150583914,0.4774626422112455,0.4837651997137115,0.323522430572039,0.33667188920955216,19.0,0.0,10.0,7.0,1.0,14.0,0.0,12.0,10.0,2.0,40.0,69.0,46.0,47.0,60.0,2.0,6.0,7.0,11.0,12.0
KNearestNeighbours,KNN-32-1,0.3770371669004208,0.5066666666666667,0.4444969611968209,0.4071464483229189,0.5066666666666667,0.5066666666666667,0.5066666666666667,0.4071464483229189,0.3729512317747612,0.5066666666666667,0.4552907658790012,0.3897406750381579,0.39780220700279634,0.4014903919665767,0.5066666666666667,0.5066666666666667,0.5066666666666667,0.48171037454790316,0.49340338362441877,0.4986675866706715,0.34397163120567387,0.3547033355315024,19.0,0.0,10.0,7.0,2.0,12.0,0.0,13.0,9.0,3.0,42.0,69.0,45.0,48.0,59.0,2.0,6.0,7.0,11.0,11.0
KNearestNeighbours,KNN-1-2,0.617289279348103,0.5866666666666667,0.6179953314659198,0.5748663101604279,0.5866666666666667,0.5866666666666667,0.5866666666666667,0.5748663101604279,0.5728233316181666,0.5866666666666667,0.5829128078998954,0.5706473145291915,0.5722509911437548,0.5732081336047361,0.5866666666666667,0.5866666666666667,0.5866666666666667,0.5821791560332591,0.5839661989486538,0.5849689345310038,0.4624277456647399,0.4679044805518537,16.0,4.0,11.0,9.0,4.0,6.0,3.0,13.0,8.0,1.0,47.0,66.0,45.0,49.0,62.0,6.0,2.0,6.0,9.0,8.0
KNearestNeighbours,KNN-2-2,0.5993395493395492,0.5733333333333334,0.595902615902616,0.5934046345811052,0.5733333333333334,0.5733333333333334,0.5733333333333334,0.5934046345811052,0.591934837092732,0.5733333333333334,0.5785203007518797,0.591889240320061,0.5924994222862985,0.5928368821096927,0.5733333333333334,0.5733333333333334,0.5733333333333334,0.5741586981086985,0.5735493491943295,0.5734135465705386,0.4519296643069194,0.45473364795671356,12.0,4.0,10.0,9.0,8.0,4.0,2.0,8.0,13.0,5.0,49.0,67.0,50.0,44.0,58.0,10.0,2.0,7.0,9.0,4.0
KNearestNeighbours,KNN-3-2,0.6024175824175824,0.6133333333333333,0.6225201465201466,0.5590612002376709,0.6133333333333333,0.6133333333333333,0.6133333333333333,0.5590612002376709,0.5702312752635332,0.6133333333333333,0.6078339594726692,0.5613326835436369,0.5598451185957459,0.5594378973844611,0.6133333333333333,0.6133333333333333,0.6133333333333333,0.6088806055337496,0.6107345094318791,0.6117142486008201,0.4931251456536938,0.4977750517835955,18.0,2.0,10.0,10.0,6.0,10.0,2.0,10.0,3.0,4.0,43.0,67.0,48.0,54.0,59.0,4.0,4.0,7.0,8.0,6.0
KNearestNeighbours,KNN-4-2,0.5763276970707312,0.5866666666666667,0.5946018893387315,0.5553773024361259,0.5866666666666667,0.5866666666666667,0.5866666666666667,0.5553773024361259,0.560467718794835,0.5866666666666667,0.5867252032520325,0.5563208634444262,0.555676750597054,0.5555123278532202,0.5866666666666667,0.5866666666666667,0.5866666666666667,0.5858153047996872,0.5860969035610161,0.5862966356407326,0.46453247351450944,0.46614831399021467,14.0,2.0,9.0,11.0,8.0,5.0,2.0,8.0,11.0,5.0,48.0,67.0,50.0,46.0,58.0,8.0,4.0,8.0,7.0,4.0
KNearestNeighbours,KNN-5-2,0.6045977011494253,0.6266666666666667,0.6356321839080459,0.5703802733214498,0.6266666666666667,0.6266666666666667,0.6266666666666667,0.5703802733214498,0.5748580830933772,0.6266666666666667,0.6181181955299603,0.5695576824609082,0.5695481542951784,0.569789448649016,0.6266666666666667,0.6266666666666667,0.6266666666666667,0.6203999107224913,0.623061815934512,0.6244315005931702,0.5124216391920129,0.5181856900683026,20.0,2.0,8.0,10.0,7.0,9.0,2.0,8.0,2.0,7.0,44.0,67.0,50.0,55.0,56.0,2.0,4.0,9.0,8.0,5.0
KNearestNeighbours,KNN-6-2,0.5831202046035806,0.6133333333333333,0.6101449275362318,0.575787284610814,0.6133333333333333,0.6133333333333333,0.6133333333333333,0.575787284610814,0.5712859085050409,0.6133333333333333,0.6061627087122082,0.5720046223197771,0.5735490343498354,0.5743845506233771,0.6133333333333333,0.6133333333333333,0.6133333333333333,0.6090278581865318,0.6109232460970506,0.6118513041210539,0.49965493443754305,0.5019703212626407,17.0,2.0,7.0,11.0,9.0,6.0,2.0,7.0,6.0,8.0,47.0,67.0,51.0,51.0,55.0,5.0,4.0,10.0,7.0,3.0
KNearestNeighbours,KNN-7-2,0.4107203907203908,0.5333333333333333,0.4903329263329263,0.4406417112299465,0.5333333333333333,0.5333333333333333,0.5333333333333333,0.4406417112299465,0.42223376623376624,0.5333333333333333,0.5071376623376623,0.4323622595869431,0.4363391515794661,0.4380703522080772,0.5333333333333333,0.5333333333333333,0.5333333333333333,0.5215914917112545,0.5272365650481673,0.5296907968695147,0.38538983844532904,0.3888043090115086,20.0,0.0,5.0,9.0,6.0,8.0,1.0,13.0,6.0,7.0,45.0,68.0,45.0,51.0,56.0,2.0,6.0,12.0,9.0,6.0
KNearestNeighbours,KNN-8-2,0.39980947844724934,0.52,0.4755608478209098,0.43422459893048126,0.52,0.52,0.52,0.43422459893048126,0.4155238095238095,0.52,0.49578412698412705,0.4263445053268075,0.4302139405116362,0.43184791866267724,0.52,0.5200000000000001,0.52,0.5097767061055565,0.5147932871928054,0.5169136880021351,0.3673851921274601,0.37002090823849537,18.0,0.0,6.0,9.0,6.0,8.0,0.0,13.0,8.0,7.0,45.0,69.0,45.0,49.0,56.0,4.0,6.0,11.0,9.0,6.0
KNearestNeighbours,KNN-9-2,0.5070070733863836,0.6133333333333333,0.5886958443854996,0.5079025549613785,0.6133333333333333,0.6133333333333333,0.6133333333333333,0.5079025549613785,0.4958287327519521,0.6133333333333333,0.5873481036789225,0.5002234831619675,0.5035667585357722,0.50522930112619,0.6133333333333333,0.6133333333333333,0.6133333333333333,0.5995044253692794,0.6058140152487945,0.608760007815003,0.48666509322633933,0.4970567756822109,21.0,0.0,9.0,10.0,6.0,8.0,0.0,15.0,3.0,3.0,45.0,69.0,43.0,54.0,60.0,1.0,6.0,8.0,8.0,6.0
KNearestNeighbours,KNN-10-2,0.43207201009058593,0.56,0.5111049956044795,0.4661913250148544,0.56,0.56,0.56,0.4661913250148544,0.44716553287981864,0.56,0.5327739984882842,0.4580367119810881,0.46201608130151717,0.4637109002294865,0.56,0.5599999999999999,0.56,0.5483380407174689,0.5540299780097103,0.5564535638533774,0.4187411930483794,0.4221907826278294,19.0,0.0,7.0,10.0,6.0,8.0,0.0,12.0,7.0,6.0,45.0,69.0,46.0,50.0,57.0,3.0,6.0,10.0,8.0,6.0
KNearestNeighbours,KNN-11-2,0.4614718614718615,0.5866666666666667,0.5431457431457432,0.48704693998811643,0.5866666666666667,0.5866666666666667,0.5866666666666667,0.48704693998811643,0.4697704736148672,0.5866666666666667,0.5590380694820053,0.47893887754275594,0.48277985984792327,0.4844839648857227,0.5866666666666667,0.5866666666666667,0.5866666666666667,0.5740331890805692,0.5800670692824869,0.582714160806498,0.4529411764705883,0.45850501894314866,20.0,0.0,8.0,10.0,6.0,8.0,0.0,13.0,5.0,5.0,45.0,69.0,45.0,52.0,58.0,2.0,6.0,9.0,8.0,6.0
KNearestNeighbours,KNN-12-2,0.4428571428571429,0.5733333333333334,0.525079365079365,0.48018419489007724,0.5733333333333334,0.5733333333333334,0.5733333333333334,0.48018419489007724,0.4574758574758574,0.5733333333333334,0.543989343989344,0.47002698950599714,0.4749150376821107,0.477037397711896,0.5733333333333334,0.5733333333333334,0.5733333333333334,0.5601969457881711,0.5665156834191653,0.5692609280944657,0.4372801875732708,0.4419306209495948,20.0,0.0,6.0,10.0,7.0,8.0,0.0,12.0,5.0,7.0,45.0,69.0,46.0,52.0,56.0,2.0,6.0,11.0,8.0,5.0
KNearestNeighbours,KNN-13-2,0.46851179673321236,0.6,0.5492558983666062,0.5010398098633393,0.6,0.6,0.6,0.5010398098633393,0.4803624480095069,0.6,0.5685046543870074,0.49155614500442085,0.4960783922180799,0.4980664041726845,0.6,0.6,0.6,0.5856999705275567,0.59254025445434,0.5955343088493442,0.47058823529411764,0.47636885085002456,21.0,0.0,7.0,10.0,7.0,8.0,0.0,12.0,5.0,5.0,45.0,69.0,46.0,52.0,58.0,1.0,6.0,10.0,8.0,5.0
KNearestNeighbours,KNN-14-2,0.4682539682539682,0.6,0.549100529100529,0.5086155674390969,0.6,0.6,0.6,0.5086155674390969,0.48428904428904423,0.6,0.5692494172494174,0.49778392874080585,0.50300438673781,0.5052663900118626,0.6,0.6,0.6,0.5862784661682662,0.5928857981413076,0.5957521679114505,0.4724501758499414,0.4774746387203397,20.0,0.0,7.0,10.0,8.0,8.0,0.0,11.0,5.0,6.0,45.0,69.0,47.0,52.0,57.0,2.0,6.0,10.0,8.0,4.0
KNearestNeighbours,KNN-15-2,0.464272030651341,0.6,0.5438952745849298,0.5010398098633393,0.6,0.6,0.6,0.5010398098633393,0.47901960784313735,0.6,0.5667450980392157,0.4911855586274191,0.4959195886894222,0.4979793122502156,0.6,0.6,0.6,0.5851928949603368,0.5923179571404821,0.5954109969466158,0.4704636385031773,0.4757787156559745,21.0,0.0,7.0,10.0,7.0,8.0,0.0,11.0,6.0,5.0,45.0,69.0,47.0,51.0,58.0,1.0,6.0,10.0,8.0,5.0
KNearestNeighbours,KNN-16-2,0.4533272283272283,0.5866666666666667,0.5338258038258038,0.49194890077243014,0.5866666666666667,0.5866666666666667,0.5866666666666667,0.49194890077243014,0.4696470588235294,0.5866666666666667,0.5561098039215686,0.48219960393767697,0.48692452537235836,0.4889560001770617,0.5866666666666667,0.5866666666666667,0.5866666666666667,0.5732885402860556,0.579767989160671,0.582556209700028,0.45409720591688196,0.45850480310726627,20.0,0.0,7.0,10.0,7.0,8.0,0.0,11.0,6.0,6.0,45.0,69.0,47.0,51.0,57.0,2.0,6.0,10.0,8.0,5.0
KNearestNeighbours,KNN-17-2,0.5001298701298701,0.6266666666666667,0.5805800865800866,0.5245692216280452,0.6266666666666667,0.6266666666666667,0.6266666666666667,0.5245692216280452,0.5055748892705415,0.6266666666666667,0.5945846515411733,0.5151619665316944,0.5195401915502491,0.5215296760796415,0.6266666666666667,0.6266666666666667,0.6266666666666667,0.6113761780198517,0.6185757971634598,0.6217956901387417,0.5048337656213158,0.5128708823003866,21.0,0.0,9.0,10.0,7.0,9.0,0.0,11.0,4.0,4.0,44.0,69.0,47.0,53.0,59.0,1.0,6.0,8.0,8.0,5.0
KNearestNeighbours,KNN-18-2,0.43844537815126045,0.5733333333333334,0.5195238095238095,0.48018419489007724,0.5733333333333334,0.5733333333333334,0.5733333333333334,0.48018419489007724,0.45592760180995473,0.5733333333333334,0.5419969834087481,0.4695416178403812,0.47469303465904905,0.47691168956085245,0.5733333333333334,0.5733333333333334,0.5733333333333334,0.5595597802271884,0.5662217600116495,0.5690938511326861,0.4371482176360225,0.44147814793181794,20.0,0.0,6.0,10.0,7.0,8.0,0.0,11.0,6.0,7.0,45.0,69.0,47.0,51.0,56.0,2.0,6.0,11.0,8.0,5.0
KNearestNeighbours,KNN-19-2,0.462781954887218,0.5866666666666667,0.5386131996658312,0.49260249554367197,0.5866666666666667,0.5866666666666667,0.5866666666666667,0.49260249554367197,0.47190170940170945,0.5866666666666667,0.5547150997150997,0.4827633778695989,0.4874012462445755,0.4894724315601203,0.5866666666666667,0.5866666666666667,0.5866666666666667,0.5717168586906126,0.5787969041702212,0.5819383241680608,0.4524258125294395,0.4592547016625888,20.0,0.0,8.0,9.0,7.0,10.0,0.0,11.0,5.0,5.0,43.0,69.0,47.0,52.0,58.0,2.0,6.0,9.0,9.0,5.0
KNearestNeighbours,KNN-20-2,0.4680933101985733,0.6,0.5511162521688837,0.5037136066547832,0.6,0.6,0.6,0.5037136066547832,0.4821010101010101,0.6,0.5704619528619529,0.49406444318824183,0.4987112358777603,0.5007269408967814,0.6,0.6,0.6,0.5868224357766472,0.5931685810481724,0.5959212169063073,0.4718309859154929,0.47687231338309055,20.0,0.0,8.0,10.0,7.0,8.0,0.0,11.0,5.0,6.0,45.0,69.0,47.0,52.0,57.0,2.0,6.0,9.0,8.0,5.0
KNearestNeighbours,KNN-21-2,0.4876190476190477,0.6,0.558984126984127,0.504367201426025,0.6,0.6,0.6,0.504367201426025,0.48835572322414433,0.6,0.5698276285118391,0.49595593889245826,0.4998036674226345,0.5015936167619239,0.6,0.6,0.6,0.5853274316812709,0.5921938477953734,0.5952906288929213,0.4688385269121813,0.4769324821078138,20.0,0.0,9.0,9.0,7.0,10.0,0.0,12.0,5.0,3.0,43.0,69.0,46.0,52.0,60.0,2.0,6.0,8.0,9.0,5.0
KNearestNeighbours,KNN-22-2,0.43796992481203006,0.56,0.5168421052631579,0.47174688057041003,0.56,0.56,0.56,0.47174688057041003,0.4499700854700855,0.56,0.5322353276353277,0.46180726216036766,0.4665637673909463,0.4686454254745385,0.56,0.5599999999999999,0.56,0.5473216005150713,0.5533862830478203,0.5560417888977195,0.41983122362869196,0.42481062907620404,19.0,0.0,7.0,9.0,7.0,9.0,0.0,12.0,5.0,7.0,44.0,69.0,46.0,52.0,56.0,3.0,6.0,10.0,9.0,5.0
KNearestNeighbours,KNN-23-2,0.4652037617554859,0.5866666666666667,0.538783699059561,0.49260249554367197,0.5866666666666667,0.5866666666666667,0.5866666666666667,0.49260249554367197,0.4741792711102174,0.5866666666666667,0.5563837727520591,0.48394160550794096,0.4880389769552081,0.4898598535404666,0.5866666666666667,0.5866666666666667,0.5866666666666667,0.5727957390143247,0.5794119665398396,0.5823192776059785,0.45229681978798586,0.4582192220891237,20.0,0.0,8.0,9.0,7.0,9.0,0.0,12.0,6.0,4.0,44.0,69.0,46.0,51.0,59.0,2.0,6.0,9.0,9.0,5.0
KNearestNeighbours,KNN-24-2,0.4322900088417329,0.56,0.5080082522841143,0.4690730837789661,0.56,0.56,0.56,0.4690730837789661,0.4465250827603769,0.56,0.5282887361005008,0.4589099870233608,0.4637842869340648,0.4659101778604316,0.56,0.5599999999999999,0.56,0.5457232278771185,0.5525715110107728,0.5555575846135173,0.4183313748531139,0.42334218543977853,20.0,0.0,6.0,9.0,7.0,9.0,0.0,12.0,6.0,6.0,44.0,69.0,46.0,51.0,57.0,2.0,6.0,11.0,9.0,5.0
KNearestNeighbours,KNN-25-2,0.47237076648841353,0.6,0.5452168746286393,0.5037136066547832,0.6,0.6,0.6,0.5037136066547832,0.48398864562547433,0.6,0.5668418537983755,0.4946127908409602,0.498935145949,0.5008449074094224,0.6,0.6,0.6,0.5850009521995809,0.5921724675364608,0.595312286351031,0.4690891930155734,0.4751543691768201,20.0,0.0,8.0,10.0,7.0,10.0,0.0,9.0,7.0,4.0,43.0,69.0,49.0,50.0,59.0,2.0,6.0,9.0,8.0,5.0
KNearestNeighbours,KNN-26-2,0.4536618066029831,0.5866666666666667,0.5325735992402659,0.49462269756387406,0.5866666666666667,0.5866666666666667,0.5866666666666667,0.49462269756387406,0.4723307989862612,0.5866666666666667,0.5570829931972789,0.4852002478349382,0.4898201263976665,0.49177486795820935,0.5866666666666667,0.5866666666666667,0.5866666666666667,0.5741221192682348,0.5802656871747782,0.5828692537057297,0.4544814641013609,0.4579865345619089,19.0,0.0,8.0,10.0,7.0,8.0,0.0,9.0,8.0,6.0,45.0,69.0,49.0,49.0,57.0,3.0,6.0,9.0,8.0,5.0
KNearestNeighbours,KNN-27-2,0.5007494297816878,0.6266666666666667,0.5769914195720647,0.5272430184194891,0.6266666666666667,0.6266666666666667,0.6266666666666667,0.5272430184194891,0.5081803621590332,0.6266666666666667,0.5937533071249231,0.5179328931904404,0.52227296251647,0.5242396716488071,0.6266666666666667,0.6266666666666667,0.6266666666666667,0.6111278338962567,0.6184507909573117,0.621720480142009,0.5041322314049588,0.51232916739679,20.0,0.0,10.0,10.0,7.0,11.0,0.0,8.0,5.0,4.0,42.0,69.0,50.0,52.0,59.0,2.0,6.0,7.0,8.0,5.0
KNearestNeighbours,KNN-28-2,0.5103785103785105,0.64,0.5913715913715915,0.5439096850861557,0.64,0.64,0.64,0.5439096850861557,0.5211318681318682,0.64,0.6075648351648352,0.533197205942219,0.5382654294137548,0.5405175588007552,0.64,0.64,0.64,0.6248234328657185,0.6320123080888631,0.6352012668629596,0.5236414961185605,0.5313795216386277,20.0,0.0,10.0,10.0,8.0,10.0,0.0,8.0,4.0,5.0,43.0,69.0,50.0,53.0,58.0,2.0,6.0,7.0,8.0,4.0
KNearestNeighbours,KNN-29-2,0.4761111111111111,0.6,0.5508888888888889,0.4912358882947118,0.6,0.6,0.6,0.4912358882947118,0.4727535751142563,0.6,0.5610072976559044,0.4805211041388099,0.4852300039043541,0.4875355527812598,0.6,0.6,0.6,0.5798371452902285,0.5890137828822306,0.593302770037354,0.46479543292102765,0.47832965479906253,21.0,0.0,9.0,10.0,5.0,14.0,0.0,6.0,6.0,4.0,39.0,69.0,52.0,51.0,59.0,1.0,6.0,8.0,8.0,7.0
KNearestNeighbours,KNN-30-2,0.5041354723707665,0.6266666666666667,0.5789946524064171,0.5245692216280452,0.6266666666666667,0.6266666666666667,0.6266666666666667,0.5245692216280452,0.5054512516469039,0.6266666666666667,0.5903458498023715,0.5141514790129851,0.5188187490074931,0.5210469027559392,0.6266666666666667,0.6266666666666667,0.6266666666666667,0.6081968713785496,0.6166566802056885,0.6205781425161732,0.5023696682464455,0.5149560630168685,21.0,0.0,9.0,10.0,7.0,13.0,0.0,6.0,5.0,4.0,40.0,69.0,52.0,52.0,59.0,1.0,6.0,8.0,8.0,5.0
KNearestNeighbours,KNN-31-2,0.5113165266106442,0.6266666666666667,0.5836750700280112,0.5190136660724896,0.6266666666666667,0.6266666666666667,0.6266666666666667,0.5190136660724896,0.5034974533106962,0.6266666666666667,0.5900389683887137,0.5093464683907631,0.5135110723644017,0.5156046191571197,0.6266666666666667,0.6266666666666667,0.6266666666666667,0.6073218810248422,0.6160706865970231,0.6201946273385722,0.5003568879371878,0.5150726036876259,21.0,0.0,9.0,11.0,6.0,14.0,0.0,5.0,6.0,3.0,39.0,69.0,53.0,51.0,60.0,1.0,6.0,8.0,7.0,6.0
KNearestNeighbours,KNN-32-2,0.521029411764706,0.64,0.5941764705882353,0.5356803327391563,0.64,0.64,0.64,0.5356803327391563,0.5191844919786096,0.64,0.6046122994652408,0.5262545376531564,0.5304169133160656,0.5324424002911737,0.64,0.64,0.64,0.621902306796434,0.630175673786743,0.6340205784113053,0.5194589463692454,0.5323997780282863,21.0,0.0,9.0,11.0,7.0,13.0,0.0,6.0,5.0,3.0,40.0,69.0,52.0,52.0,60.0,1.0,6.0,8.0,7.0,5.0
KNearestNeighbours,KNN-1-3,0.66775441949355,0.6216216216216216,0.6379982825635,0.599906629318394,0.6216216216216216,0.6216216216216216,0.6216216216216216,0.599906629318394,0.6049968139748568,0.6216216216216216,0.6030465098776294,0.5972666627834258,0.5978685242528824,0.5985363780016091,0.6216216216216216,0.6216216216216215,0.6216216216216216,0.609449849134443,0.6147782444039405,0.617413008079245,0.5034747184279894,0.5136558837615609,19.0,4.0,12.0,7.0,4.0,9.0,1.0,11.0,6.0,1.0,44.0,67.0,46.0,50.0,61.0,2.0,2.0,5.0,11.0,8.0
KNearestNeighbours,KNN-2-3,0.6655857266975855,0.6216216216216216,0.6245378444193898,0.6141923436041083,0.6216216216216216,0.6216216216216216,0.6216216216216216,0.6141923436041083,0.6322266139657444,0.6216216216216216,0.6192091300786953,0.6200132826602943,0.6168959033315019,0.615734368805015,0.6216216216216216,0.6216216216216215,0.6216216216216216,0.6198978622709522,0.6206425014268904,0.621017915165175,0.5076045627376427,0.5084745854917024,17.0,4.0,12.0,7.0,6.0,6.0,0.0,7.0,10.0,5.0,47.0,68.0,50.0,46.0,57.0,4.0,2.0,5.0,11.0,6.0
KNearestNeighbours,KNN-3-3,0.6043478260869566,0.6081081081081081,0.61310223266745,0.5570494864612512,0.6081081081081081,0.6081081081081081,0.6081081081081081,0.5570494864612512,0.5633333333333334,0.6081081081081081,0.5939189189189189,0.5559350559350558,0.5559038662486938,0.55623345940141,0.6081081081081081,0.6081081081081081,0.6081081081081081,0.5987465784763082,0.6028128441921546,0.6048433992193621,0.48684839789574363,0.49463906357418097,18.0,2.0,12.0,7.0,6.0,9.0,2.0,11.0,5.0,2.0,44.0,66.0,46.0,51.0,60.0,3.0,4.0,5.0,11.0,6.0
KNearestNeighbours,KNN-4-3,0.6380691192865106,0.6351351351351351,0.6327162614119135,0.5854808590102708,0.6351351351351351,0.6351351351351351,0.6351351351351351,0.5854808590102708,0.5930059359372123,0.6351351351351351,0.6204979076998713,0.5851114279590004,0.5847710781857948,0.5849380126540994,0.6351351351351352,0.6351351351351352,0.6351351351351351,0.6264550394944723,0.6303280649916038,0.6321937742976493,0.5229226361031518,0.5287534441828092,18.0,2.0,13.0,7.0,7.0,7.0,1.0,10.0,6.0,3.0,46.0,67.0,47.0,50.0,59.0,3.0,4.0,4.0,11.0,5.0
KNearestNeighbours,KNN-5-3,0.6572380952380953,0.6216216216216216,0.6421621621621622,0.5639122315592904,0.6216216216216216,0.6216216216216216,0.6216216216216216,0.5639122315592904,0.5736054421768708,0.6216216216216216,0.6012870012870012,0.5612519201228878,0.5615564952550853,0.5622800162800162,0.6216216216216216,0.6216216216216215,0.6216216216216216,0.6074118473312022,0.6135127259262164,0.6166062566062567,0.5015636276160692,0.5140635663505778,18.0,2.0,14.0,7.0,5.0,10.0,1.0,11.0,5.0,1.0,43.0,67.0,46.0,51.0,61.0,3.0,4.0,3.0,11.0,7.0
KNearestNeighbours,KNN-6-3,0.7096923076923076,0.6486486486486487,0.6670582120582121,0.5972455648926237,0.6486486486486487,0.6486486486486487,0.6486486486486487,0.5972455648926237,0.6109286412512219,0.6486486486486487,0.633766611185966,0.5971699743472301,0.5963900945187407,0.5965486649914793,0.6486486486486487,0.6486486486486487,0.6486486486486487,0.6386018276844686,0.6429563054155015,0.6451366794110452,0.5398230088495575,0.5477819085664045,18.0,2.0,14.0,7.0,7.0,6.0,0.0,11.0,6.0,3.0,47.0,68.0,46.0,50.0,59.0,3.0,4.0,3.0,11.0,5.0
KNearestNeighbours,KNN-7-3,0.5907747424988804,0.6621621621621622,0.6562677769574321,0.5580765639589169,0.6621621621621622,0.6621621621621622,0.6621621621621622,0.5580765639589169,0.5379003831417625,0.6621621621621622,0.6213503158330744,0.5423049128668064,0.5488562137436865,0.5523198373990512,0.6621621621621622,0.6621621621621622,0.6621621621621622,0.6373364781777192,0.648241425657024,0.653594650390362,0.5510798349915069,0.5736980273577211,19.0,0.0,16.0,8.0,6.0,10.0,0.0,12.0,3.0,0.0,43.0,68.0,45.0,53.0,62.0,2.0,6.0,1.0,10.0,6.0
KNearestNeighbours,KNN-8-3,0.5621880341880342,0.6756756756756757,0.63004851004851,0.5818860877684406,0.6756756756756757,0.6756756756756757,0.6756756756756757,0.5818860877684406,0.5579877112135178,0.6756756756756757,0.6369670361605846,0.5686736971666563,0.5746226557462512,0.5774488560768577,0.6756756756756757,0.6756756756756757,0.6756756756756757,0.6559773487551159,0.6650621420284342,0.6692404899782387,0.5712216320618059,0.5837968319244338,18.0,0.0,16.0,8.0,8.0,9.0,0.0,9.0,5.0,1.0,44.0,68.0,48.0,51.0,61.0,3.0,6.0,1.0,10.0,4.0
KNearestNeighbours,KNN-9-3,0.5868338557993731,0.6486486486486487,0.6517410827755655,0.5414098972922502,0.6486486486486487,0.6486486486486487,0.6486486486486487,0.5414098972922502,0.5191223211923449,0.6486486486486487,0.6050803374147583,0.5238152113387855,0.5311172267838673,0.5349815142890365,0.6486486486486487,0.6486486486486487,0.6486486486486487,0.6217643509055336,0.6335302861334132,0.63933302478651,0.532555879494655,0.5572214202857405,19.0,0.0,16.0,8.0,5.0,10.0,0.0,13.0,3.0,0.0,43.0,68.0,44.0,53.0,62.0,2.0,6.0,1.0,10.0,7.0
KNearestNeighbours,KNN-10-3,0.5950075467316847,0.6756756756756757,0.6611297818194369,0.5747432306255835,0.6756756756756757,0.6756756756756757,0.6756756756756757,0.5747432306255835,0.5551677940933839,0.6756756756756757,0.6364429203993632,0.5602209149933348,0.5663143839510129,0.5694939903162672,0.6756756756756757,0.6756756756756757,0.6756756756756757,0.652455664349537,0.6627285223343428,0.6677245264035678,0.5695588948133785,0.590308581039201,19.0,0.0,16.0,8.0,7.0,10.0,0.0,11.0,3.0,0.0,43.0,68.0,46.0,53.0,62.0,2.0,6.0,1.0,10.0,5.0
KNearestNeighbours,KNN-11-3,0.5777011494252873,0.6351351351351351,0.6408822615719167,0.5302987861811391,0.6351351351351351,0.6351351351351351,0.6351351351351351,0.5302987861811391,0.5058172715894869,0.6351351351351351,0.5890985353313264,0.511112375342849,0.5190662386420949,0.5232789397567241,0.6351351351351352,0.6351351351351352,0.6351351351351351,0.6064286819568133,0.6189385970316652,0.6251405994552411,0.5146951663832888,0.5414919737210113,19.0,0.0,16.0,7.0,5.0,10.0,0.0,14.0,3.0,0.0,43.0,68.0,43.0,53.0,62.0,2.0,6.0,1.0,11.0,7.0
KNearestNeighbours,KNN-12-3,0.5567487684729063,0.6486486486486487,0.6264678471575023,0.5469654528478058,0.6486486486486487,0.6486486486486487,0.6486486486486487,0.5469654528478058,0.5205380116959064,0.6486486486486487,0.6030788683420262,0.5292650223364663,0.5368506816401676,0.5406979693293472,0.6486486486486487,0.6486486486486487,0.6486486486486487,0.6222961526760361,0.6340111832910335,0.6396698406635192,0.5338017930700265,0.5559182836826889,19.0,0.0,16.0,7.0,6.0,10.0,0.0,12.0,3.0,1.0,43.0,68.0,45.0,53.0,61.0,2.0,6.0,1.0,11.0,6.0
KNearestNeighbours,KNN-13-3,0.5955555555555556,0.6486486486486487,0.6630630630630631,0.5398225957049486,0.6486486486486487,0.6486486486486487,0.6486486486486487,0.5398225957049486,0.5143837203912298,0.6486486486486487,0.6005028808533189,0.5194632783416063,0.5278787100551048,0.5323538964362367,0.6486486486486487,0.6486486486486487,0.6486486486486487,0.6180643079493979,0.6313462937274162,0.6379627187324008,0.5323286339329121,0.5627618837491244,20.0,0.0,16.0,7.0,5.0,10.0,0.0,14.0,2.0,0.0,43.0,68.0,43.0,54.0,62.0,1.0,6.0,1.0,11.0,7.0
KNearestNeighbours,KNN-14-3,0.5725929243170622,0.6486486486486487,0.6341547548444101,0.5469654528478058,0.6486486486486487,0.6486486486486487,0.6486486486486487,0.5469654528478058,0.5241072796934866,0.6486486486486487,0.6045749197473335,0.530256720095722,0.537295520102068,0.5409485999408572,0.6486486486486487,0.6486486486486487,0.6486486486486487,0.6226832707534274,0.6341811225793799,0.6397647669952613,0.5331230283911672,0.5550042122875004,19.0,0.0,16.0,7.0,6.0,10.0,0.0,12.0,4.0,0.0,43.0,68.0,45.0,52.0,62.0,2.0,6.0,1.0,11.0,6.0
KNearestNeighbours,KNN-15-3,0.5992337164750958,0.6621621621621622,0.6672879776328052,0.5564892623716153,0.6621621621621622,0.6621621621621622,0.6621621621621622,0.5564892623716153,0.5330302169176849,0.6621621621621622,0.6166217368263404,0.5379179142970063,0.5456070805746365,0.5496882299017258,0.6621621621621622,0.6621621621621622,0.6621621621621622,0.6335961571989787,0.6460452386912372,0.65221976163646,0.5508618596746784,0.5791817683165402,20.0,0.0,16.0,7.0,6.0,10.0,0.0,13.0,2.0,0.0,43.0,68.0,44.0,54.0,62.0,1.0,6.0,1.0,11.0,6.0
KNearestNeighbours,KNN-16-3,0.5813793103448276,0.6486486486486487,0.6451071761416589,0.5469654528478058,0.6486486486486487,0.6486486486486487,0.6486486486486487,0.5469654528478058,0.524463768115942,0.6486486486486487,0.6052173913043478,0.529567011298249,0.5367946091616265,0.5406132732222133,0.6486486486486487,0.6486486486486487,0.6486486486486487,0.621960531206394,0.6336375419954862,0.6393976423593002,0.5332362930616206,0.5579824062732545,19.0,0.0,16.0,7.0,6.0,10.0,0.0,13.0,3.0,0.0,43.0,68.0,44.0,53.0,62.0,2.0,6.0,1.0,11.0,6.0
KNearestNeighbours,KNN-17-3,0.568038561364479,0.6081081081081081,0.631196825301386,0.48916900093370674,0.6081081081081081,0.6081081081081081,0.6081081081081081,0.48916900093370674,0.4488095238095237,0.6081081081081081,0.5466698841698842,0.46374439719572463,0.4748473761451216,0.4803364146046012,0.6081081081081081,0.6081081081081081,0.6081081081081081,0.5734363141442788,0.5889517695787725,0.5963738825971742,0.4765853658536585,0.505240403503958,20.0,0.0,15.0,8.0,2.0,9.0,0.0,16.0,4.0,0.0,44.0,68.0,41.0,52.0,62.0,1.0,6.0,2.0,10.0,10.0
KNearestNeighbours,KNN-18-3,0.5868338557993731,0.6486486486486487,0.6536050156739812,0.5391690009337068,0.6486486486486487,0.6486486486486487,0.6486486486486487,0.5391690009337068,0.518426669018432,0.6486486486486487,0.6064434396474259,0.522355490510394,0.5293025277214618,0.5330009017190642,0.6486486486486487,0.6486486486486487,0.6486486486486487,0.622479416851874,0.6339253782716245,0.6395755829137447,0.532555879494655,0.5572214202857405,20.0,0.0,15.0,8.0,5.0,9.0,0.0,14.0,3.0,0.0,44.0,68.0,43.0,53.0,62.0,1.0,6.0,2.0,10.0,7.0
KNearestNeighbours,KNN-19-3,0.5749007314524557,0.6081081081081081,0.6395294981501879,0.48982259570494857,0.6081081081081081,0.6081081081081081,0.6081081081081081,0.48982259570494857,0.4451428571428571,0.6081081081081081,0.5420077220077221,0.4607728456851728,0.47328823448564383,0.4795793438045516,0.6081081081081081,0.6081081081081081,0.6081081081081081,0.5693560021673233,0.5864474396894198,0.5947744840528886,0.4768405655777669,0.5118916971339559,20.0,0.0,16.0,7.0,2.0,9.0,0.0,17.0,3.0,0.0,44.0,68.0,40.0,53.0,62.0,1.0,6.0,1.0,11.0,10.0
KNearestNeighbours,KNN-20-3,0.5904562870080111,0.6216216216216216,0.6584484170691067,0.5064892623716153,0.6216216216216216,0.6216216216216216,0.6216216216216216,0.5064892623716153,0.4717037037037037,0.6216216216216216,0.565045045045045,0.48065027452482073,0.49145464836809205,0.497104398043091,0.6216216216216216,0.6216216216216215,0.6216216216216216,0.58590009288645,0.6013699358881739,0.6090930043770825,0.4956183057448881,0.5317476443781974,20.0,0.0,16.0,7.0,3.0,9.0,0.0,17.0,2.0,0.0,44.0,68.0,40.0,54.0,62.0,1.0,6.0,1.0,11.0,9.0
KNearestNeighbours,KNN-21-3,0.5820616883116884,0.6216216216216216,0.6494548525798526,0.5058356676003735,0.6216216216216216,0.6216216216216216,0.6216216216216216,0.5058356676003735,0.4760591133004926,0.6216216216216216,0.5713791201475931,0.4837805001518679,0.4930335625841871,0.49785393668116773,0.6216216216216216,0.6216216216216215,0.6216216216216216,0.5905960886471163,0.6041292589009426,0.6108243992540331,0.49586374695863744,0.5260656357999587,20.0,0.0,15.0,8.0,3.0,8.0,0.0,17.0,3.0,0.0,45.0,68.0,40.0,53.0,62.0,1.0,6.0,2.0,10.0,9.0
KNearestNeighbours,KNN-22-3,0.5820616883116884,0.6216216216216216,0.6494548525798526,0.5058356676003735,0.6216216216216216,0.6216216216216216,0.6216216216216216,0.5058356676003735,0.4760591133004926,0.6216216216216216,0.5713791201475931,0.4837805001518679,0.4930335625841871,0.49785393668116773,0.6216216216216216,0.6216216216216215,0.6216216216216216,0.5905960886471163,0.6041292589009426,0.6108243992540331,0.49586374695863744,0.5260656357999587,20.0,0.0,15.0,8.0,3.0,8.0,0.0,17.0,3.0,0.0,45.0,68.0,40.0,53.0,62.0,1.0,6.0,2.0,10.0,9.0
KNearestNeighbours,KNN-23-3,0.5741758241758241,0.6216216216216216,0.637993762993763,0.507422969187675,0.6216216216216216,0.6216216216216216,0.6216216216216216,0.507422969187675,0.4788906475424762,0.6216216216216216,0.5728160948476667,0.4874099639855943,0.495960830513977,0.5003155215337565,0.6216216216216216,0.6216216216216215,0.6216216216216216,0.5929936163654652,0.6057014743795656,0.611849773242812,0.4956183057448881,0.5199940418422463,19.0,0.0,15.0,9.0,3.0,9.0,0.0,15.0,4.0,0.0,44.0,68.0,42.0,52.0,62.0,2.0,6.0,2.0,9.0,9.0
KNearestNeighbours,KNN-24-3,0.5776241000378931,0.6351351351351351,0.6419546204028963,0.5240896358543418,0.6351351351351351,0.6351351351351351,0.6351351351351351,0.5240896358543418,0.5016658556830867,0.6351351351351351,0.5922200501443139,0.5070874622648425,0.5142360864941511,0.5179566280895185,0.6351351351351352,0.6351351351351352,0.6351351351351351,0.6094814361756448,0.6208235530816176,0.6263429149641774,0.5142231947483589,0.5363259482758946,19.0,0.0,15.0,9.0,4.0,9.0,0.0,14.0,4.0,0.0,44.0,68.0,43.0,52.0,62.0,2.0,6.0,2.0,9.0,8.0
KNearestNeighbours,KNN-25-3,0.5847072879330943,0.6486486486486487,0.6531047176208467,0.5342670401493931,0.6486486486486487,0.6486486486486487,0.6486486486486487,0.5342670401493931,0.5066666666666666,0.6486486486486487,0.6004504504504504,0.5139575139575139,0.5224808230805232,0.526920199255547,0.6486486486486487,0.6486486486486487,0.6486486486486487,0.6195014303122409,0.6322787769564381,0.6385596333288245,0.5327829043224865,0.5594192301696819,20.0,0.0,16.0,8.0,4.0,7.0,0.0,15.0,4.0,0.0,46.0,68.0,42.0,52.0,62.0,1.0,6.0,1.0,10.0,8.0
KNearestNeighbours,KNN-26-3,0.5847072879330943,0.6486486486486487,0.6531047176208467,0.5342670401493931,0.6486486486486487,0.6486486486486487,0.6486486486486487,0.5342670401493931,0.5066666666666666,0.6486486486486487,0.6004504504504504,0.5139575139575139,0.5224808230805232,0.526920199255547,0.6486486486486487,0.6486486486486487,0.6486486486486487,0.6195014303122409,0.6322787769564381,0.6385596333288245,0.5327829043224865,0.5594192301696819,20.0,0.0,16.0,8.0,4.0,7.0,0.0,15.0,4.0,0.0,46.0,68.0,42.0,52.0,62.0,1.0,6.0,1.0,10.0,8.0
KNearestNeighbours,KNN-27-3,0.5881176470588235,0.6216216216216216,0.657027027027027,0.5096638655462185,0.6216216216216216,0.6216216216216216,0.6216216216216216,0.5096638655462185,0.48201193520886615,0.6216216216216216,0.5770466118292206,0.4879667463315601,0.49684962363395,0.5016145559580462,0.6216216216216216,0.6216216216216215,0.6216216216216216,0.5925006997591995,0.6048999191642318,0.6112179279215291,0.4972094151904878,0.5286063159181749,18.0,0.0,16.0,9.0,3.0,7.0,0.0,18.0,3.0,0.0,46.0,68.0,39.0,53.0,62.0,3.0,6.0,1.0,9.0,9.0
KNearestNeighbours,KNN-28-3,0.5881176470588235,0.6216216216216216,0.657027027027027,0.5096638655462185,0.6216216216216216,0.6216216216216216,0.6216216216216216,0.5096638655462185,0.48201193520886615,0.6216216216216216,0.5770466118292206,0.4879667463315601,0.49684962363395,0.5016145559580462,0.6216216216216216,0.6216216216216215,0.6216216216216216,0.5925006997591995,0.6048999191642318,0.6112179279215291,0.4972094151904878,0.5286063159181749,18.0,0.0,16.0,9.0,3.0,7.0,0.0,18.0,3.0,0.0,46.0,68.0,39.0,53.0,62.0,3.0,6.0,1.0,9.0,9.0
KNearestNeighbours,KNN-29-3,0.5666666666666667,0.6081081081081081,0.6300675675675675,0.4945845004668533,0.6081081081081081,0.6081081081081081,0.6081081081081081,0.4945845004668533,0.4565132719754568,0.6081081081081081,0.5538583000767876,0.4710437710437711,0.48132057304394704,0.4863965756315186,0.6081081081081081,0.6081081081081081,0.6081081081081081,0.5777709527709528,0.5913168083157349,0.5978073230582727,0.478620019436346,0.5029984921571906,17.0,0.0,16.0,10.0,2.0,7.0,0.0,16.0,6.0,0.0,46.0,68.0,41.0,50.0,62.0,4.0,6.0,1.0,8.0,10.0
KNearestNeighbours,KNN-30-3,0.5877496159754225,0.6486486486486487,0.6554910325071615,0.5445845004668534,0.6486486486486487,0.6486486486486487,0.6486486486486487,0.5445845004668534,0.5270915032679739,0.6486486486486487,0.6149841017488077,0.5296422614325204,0.5356693954814035,0.5389707070515436,0.6486486486486487,0.6486486486486487,0.6486486486486487,0.6269006101717818,0.6362186394119045,0.6409347934011581,0.5344785869828212,0.556231642505881,17.0,0.0,16.0,10.0,5.0,7.0,0.0,15.0,4.0,0.0,46.0,68.0,42.0,52.0,62.0,4.0,6.0,1.0,8.0,7.0
KNearestNeighbours,KNN-31-3,0.5827129859387924,0.6351351351351351,0.6502749647910938,0.5136321195144725,0.6351351351351351,0.6351351351351351,0.6351351351351351,0.5136321195144725,0.4733904393478861,0.6351351351351351,0.5763475550709592,0.4892859630790666,0.5000152161708946,0.5052537599832775,0.6351351351351352,0.6351351351351352,0.6351351351351351,0.6029535805397874,0.6174602424024027,0.6243297002415675,0.5137503042102701,0.539447643475722,19.0,0.0,16.0,10.0,2.0,7.0,0.0,15.0,5.0,0.0,46.0,68.0,42.0,51.0,62.0,2.0,6.0,1.0,8.0,10.0
KNearestNeighbours,KNN-32-3,0.592236795462602,0.6486486486486487,0.6618579763741055,0.5302987861811392,0.6486486486486487,0.6486486486486487,0.6486486486486487,0.5302987861811392,0.5000354609929077,0.6486486486486487,0.5994872532106575,0.509446033522641,0.5183476472151901,0.5228814662340586,0.6486486486486487,0.6486486486486487,0.6486486486486487,0.6198414245609868,0.6325846513655657,0.6387730676076773,0.532442284325638,0.5580390413647358,19.0,0.0,16.0,10.0,3.0,7.0,0.0,15.0,4.0,0.0,46.0,68.0,42.0,52.0,62.0,2.0,6.0,1.0,8.0,9.0
KNearestNeighbours,KNN-1-4,0.5437662337662338,0.5675675675675675,0.5777641277641277,0.5123716153127917,0.5675675675675675,0.5675675675675675,0.5675675675675675,0.5123716153127917,0.5151518296336864,0.5675675675675675,0.5574016168981845,0.510933767610514,0.5112446069754235,0.5116103898329333,0.5675675675675675,0.5675675675675675,0.5675675675675675,0.5603984606061957,0.5634782300914914,0.5650397858416715,0.4356530028598665,0.4412430928688936,20.0,2.0,7.0,8.0,5.0,8.0,3.0,13.0,2.0,6.0,45.0,65.0,43.0,55.0,56.0,1.0,4.0,11.0,9.0,7.0
KNearestNeighbours,KNN-2-4,0.4638461538461538,0.5945945945945946,0.5516285516285516,0.49211017740429497,0.5945945945945946,0.5945945945945946,0.5945945945945946,0.49211017740429497,0.47525662560656956,0.5945945945945946,0.5694430782966616,0.48463815737257326,0.48824431382570915,0.4898039143625992,0.5945945945945946,0.5945945945945946,0.5945945945945946,0.5835413011945227,0.5888908650536557,0.5911954581945149,0.4669867947178872,0.4704156379635618,20.0,0.0,8.0,11.0,5.0,6.0,1.0,12.0,4.0,7.0,47.0,67.0,44.0,53.0,55.0,1.0,6.0,10.0,6.0,7.0
KNearestNeighbours,KNN-3-4,0.4476847290640394,0.581081081081081,0.5317534283051525,0.47320261437908495,0.581081081081081,0.581081081081081,0.581081081081081,0.47320261437908495,0.4539700571075784,0.581081081081081,0.5479773738856931,0.4637139664573066,0.4681297275822113,0.4701359782222389,0.581081081081081,0.5810810810810811,0.581081081081081,0.5654479187273549,0.5728227437700731,0.5761118519018966,0.4462949553463673,0.4523907570943897,21.0,0.0,8.0,10.0,4.0,8.0,1.0,12.0,4.0,6.0,45.0,67.0,44.0,53.0,56.0,0.0,6.0,10.0,7.0,8.0
KNearestNeighbours,KNN-4-4,0.44951566951566946,0.581081081081081,0.5356433356433357,0.4809990662931839,0.581081081081081,0.581081081081081,0.581081081081081,0.4809990662931839,0.46194444444444444,0.581081081081081,0.553885135135135,0.4724552915546397,0.47655997201451744,0.4783460195877047,0.581081081081081,0.5810810810810811,0.581081081081081,0.568946107388757,0.5747847906938816,0.5773200850806173,0.44961612284069097,0.45335616252223176,20.0,0.0,7.0,11.0,5.0,7.0,1.0,11.0,4.0,8.0,46.0,67.0,45.0,53.0,54.0,1.0,6.0,11.0,6.0,7.0
KNearestNeighbours,KNN-5-4,0.5060606060606061,0.6216216216216216,0.5966420966420966,0.5127450980392156,0.6216216216216216,0.6216216216216216,0.6216216216216216,0.5127450980392156,0.5001092310987364,0.6216216216216216,0.5974857166011589,0.5054904435629283,0.5087414208320074,0.5102975067828035,0.6216216216216216,0.6216216216216215,0.6216216216216216,0.6091455005311839,0.6148956569095173,0.6175448287513337,0.500722891566265,0.5081616670744362,21.0,0.0,9.0,11.0,5.0,7.0,1.0,13.0,1.0,6.0,46.0,67.0,43.0,56.0,56.0,0.0,6.0,9.0,6.0,7.0
KNearestNeighbours,KNN-6-4,0.4579120879120879,0.581081081081081,0.5463023463023463,0.4809990662931839,0.581081081081081,0.581081081081081,0.581081081081081,0.4809990662931839,0.46583246035473025,0.581081081081081,0.5590329121882783,0.47401869291808973,0.4773507435962652,0.47881409117765406,0.581081081081081,0.5810810810810811,0.581081081081081,0.571070364718123,0.5758681502753612,0.5779634693527701,0.4498800959232614,0.4535023637269436,20.0,0.0,7.0,11.0,5.0,6.0,1.0,13.0,3.0,8.0,47.0,67.0,43.0,54.0,54.0,1.0,6.0,11.0,6.0,7.0
KNearestNeighbours,KNN-7-4,0.43649425287356325,0.5675675675675675,0.5230661696178938,0.45588235294117646,0.5675675675675675,0.5675675675675675,0.5675675675675675,0.45588235294117646,0.43499507389162567,0.5675675675675675,0.5315483956863268,0.44472228691197013,0.449807704380063,0.45218610896304334,0.5675675675675675,0.5675675675675675,0.5675675675675675,0.5496103928800715,0.5579552103671667,0.5617550801074145,0.425660926509823,0.4351768000956331,21.0,0.0,9.0,9.0,3.0,8.0,0.0,15.0,3.0,6.0,45.0,68.0,41.0,54.0,56.0,0.0,6.0,9.0,8.0,9.0
KNearestNeighbours,KNN-8-4,0.45298244428679213,0.581081081081081,0.5410755845538454,0.47478991596638653,0.581081081081081,0.581081081081081,0.581081081081081,0.47478991596638653,0.4573700954400849,0.581081081081081,0.5528335865027275,0.46617042257839164,0.4701913009496283,0.4720134261553201,0.581081081081081,0.5810810810810811,0.581081081081081,0.5676602497169719,0.5739970067837977,0.5768213819531319,0.44616127474649925,0.4527212658295284,20.0,0.0,9.0,10.0,4.0,7.0,0.0,14.0,3.0,7.0,46.0,68.0,42.0,54.0,55.0,1.0,6.0,9.0,7.0,8.0
KNearestNeighbours,KNN-9-4,0.44125,0.5675675675675675,0.5206925675675675,0.46143790849673205,0.5675675675675675,0.5675675675675675,0.5675675675675675,0.46143790849673205,0.43956629611528086,0.5675675675675675,0.528862395999334,0.44945652173913037,0.4548448560412668,0.4574066389886299,0.5675675675675675,0.5675675675675675,0.5675675675675675,0.5477721443332388,0.556856255759546,0.5610593138022837,0.425242718446602,0.4359134807281346,21.0,0.0,8.0,9.0,4.0,11.0,0.0,12.0,3.0,6.0,42.0,68.0,44.0,54.0,56.0,0.0,6.0,10.0,8.0,8.0
KNearestNeighbours,KNN-10-4,0.4621070234113712,0.5945945945945946,0.549600018078279,0.48431372549019613,0.5945945945945946,0.5945945945945946,0.5945945945945946,0.48431372549019613,0.465294055537958,0.5945945945945946,0.5621541719102694,0.47465914947009924,0.4791242222744064,0.481171107399348,0.5945945945945946,0.5945945945945946,0.5945945945945946,0.5789942430331118,0.5863256468582329,0.5896137047294705,0.4628599080571013,0.4706864155525151,21.0,0.0,9.0,10.0,4.0,7.0,0.0,14.0,3.0,6.0,46.0,68.0,42.0,54.0,56.0,0.0,6.0,9.0,7.0,8.0
KNearestNeighbours,KNN-11-4,0.42339574898785426,0.5540540540540541,0.499757563737827,0.4503267973856209,0.5540540540540541,0.5540540540540541,0.5540540540540541,0.4503267973856209,0.4268935144406842,0.5540540540540541,0.5137291433568844,0.4380341880341881,0.44362366027637135,0.4462413228237604,0.5540540540540541,0.5540540540540541,0.5540540540540541,0.5339739606980987,0.5432532591638048,0.5475054196707266,0.4074253821887892,0.41698460643658886,21.0,0.0,7.0,9.0,4.0,11.0,0.0,12.0,4.0,6.0,42.0,68.0,44.0,53.0,56.0,0.0,6.0,11.0,8.0,8.0
KNearestNeighbours,KNN-12-4,0.4200656814449918,0.5540540540540541,0.4991279456796699,0.4503267973856209,0.5540540540540541,0.5540540540540541,0.5540540540540541,0.4503267973856209,0.42865117678020914,0.5540540540540541,0.5180559806366257,0.4398311399712577,0.44474432400636876,0.44695883174412154,0.5540540540540541,0.5540540540540541,0.5540540540540541,0.5372252325923779,0.5451902291443318,0.5487266813128425,0.4088598402323892,0.4153587847075133,21.0,0.0,7.0,9.0,4.0,8.0,0.0,14.0,5.0,6.0,45.0,68.0,42.0,52.0,56.0,0.0,6.0,11.0,8.0,8.0
KNearestNeighbours,KNN-13-4,0.42512820512820515,0.5540540540540541,0.5036382536382537,0.4503267973856209,0.5540540540540541,0.5540540540540541,0.5540540540540541,0.4503267973856209,0.4292280268750857,0.5540540540540541,0.517828276651806,0.439555971872581,0.4445138992674959,0.4467997746606964,0.5540540540540541,0.5540540540540541,0.5540540540540541,0.5364685714928675,0.5446877876088949,0.5483995289486248,0.40828689120426465,0.41608652204575386,21.0,0.0,7.0,9.0,4.0,9.0,0.0,14.0,4.0,6.0,44.0,68.0,42.0,53.0,56.0,0.0,6.0,11.0,8.0,8.0
KNearestNeighbours,KNN-14-4,0.42512820512820515,0.5540540540540541,0.5036382536382537,0.4503267973856209,0.5540540540540541,0.5540540540540541,0.5540540540540541,0.4503267973856209,0.4292280268750857,0.5540540540540541,0.517828276651806,0.439555971872581,0.4445138992674959,0.4467997746606964,0.5540540540540541,0.5540540540540541,0.5540540540540541,0.5364685714928675,0.5446877876088949,0.5483995289486248,0.40828689120426465,0.41608652204575386,21.0,0.0,7.0,9.0,4.0,9.0,0.0,14.0,4.0,6.0,44.0,68.0,42.0,53.0,56.0,0.0,6.0,11.0,8.0,8.0
KNearestNeighbours,KNN-15-4,0.4019047619047619,0.5405405405405406,0.4814671814671814,0.4336601307189542,0.5405405405405406,0.5405405405405406,0.5405405405405406,0.4336601307189542,0.40977264354873466,0.5405405405405406,0.5007458821500567,0.42186702002843457,0.4273500365780212,0.429843896584521,0.5405405405405406,0.5405405405405406,0.5405405405405406,0.521668403257703,0.5305517827924172,0.5345246906234741,0.3896166909267347,0.3969895703540833,21.0,0.0,7.0,9.0,3.0,9.0,0.0,14.0,5.0,6.0,44.0,68.0,42.0,52.0,56.0,0.0,6.0,11.0,8.0,9.0
KNearestNeighbours,KNN-16-4,0.4312987012987013,0.5675675675675675,0.5138381888381889,0.46143790849673205,0.5675675675675675,0.5675675675675675,0.5675675675675675,0.46143790849673205,0.4402848764139087,0.5675675675675675,0.5329000554807006,0.45132799778107835,0.45608595014312064,0.4582155213039914,0.5675675675675675,0.5675675675675675,0.5675675675675675,0.5515442404763622,0.5591640656562041,0.5625261837095116,0.4271891630382195,0.43351681179662,21.0,0.0,8.0,9.0,4.0,7.0,0.0,14.0,5.0,6.0,46.0,68.0,42.0,52.0,56.0,0.0,6.0,10.0,8.0,8.0
KNearestNeighbours,KNN-17-4,0.43616957754888797,0.581081081081081,0.5231539197056438,0.4676470588235294,0.581081081081081,0.581081081081081,0.581081081081081,0.4676470588235294,0.44417511520737324,0.581081081081081,0.5423826130277744,0.4561681872752291,0.4615291677392047,0.4639535033133545,0.581081081081081,0.5810810810810811,0.581081081081081,0.5628924865980759,0.5714901272937575,0.5753144353978011,0.4438787878787879,0.451672036773693,21.0,0.0,9.0,10.0,3.0,8.0,0.0,13.0,4.0,6.0,45.0,68.0,43.0,53.0,56.0,0.0,6.0,9.0,7.0,9.0
KNearestNeighbours,KNN-18-4,0.4381609195402299,0.581081081081081,0.5208139173656415,0.47320261437908495,0.581081081081081,0.581081081081081,0.581081081081081,0.47320261437908495,0.4499377990430622,0.581081081081081,0.543345726108884,0.46224467465595487,0.4674168675879141,0.46972175829582385,0.581081081081081,0.5810810810810811,0.581081081081081,0.5637602186852617,0.572003918100948,0.5756360587431767,0.44482090997095836,0.45130671585104326,21.0,0.0,8.0,10.0,4.0,8.0,0.0,12.0,5.0,6.0,45.0,68.0,44.0,52.0,56.0,0.0,6.0,10.0,7.0,8.0
KNearestNeighbours,KNN-19-4,0.42800907238688357,0.5540540540540541,0.5110885305787856,0.4470121381886088,0.5540540540540541,0.5540540540540541,0.5540540540540541,0.4470121381886088,0.42852497096399533,0.5540540540540541,0.5214364189973946,0.4372900458290926,0.4417367040114912,0.4438056912077202,0.5540540540540541,0.5540540540540541,0.5540540540540541,0.5380370278677995,0.545509807594596,0.5488939657955182,0.4078564500484967,0.41588393714533434,20.0,0.0,8.0,10.0,3.0,9.0,0.0,15.0,3.0,6.0,44.0,68.0,41.0,54.0,56.0,1.0,6.0,10.0,7.0,9.0
KNearestNeighbours,KNN-20-4,0.4549641662685141,0.581081081081081,0.5394648829431438,0.47478991596638653,0.581081081081081,0.581081081081081,0.581081081081081,0.47478991596638653,0.4571307902318355,0.581081081081081,0.550571160327258,0.46573057804152784,0.4699076324126552,0.47183044805868857,0.581081081081081,0.5810810810810811,0.581081081081081,0.5663253241141928,0.5732480531354777,0.576360066475832,0.4449552383256714,0.45247899540045755,20.0,0.0,9.0,10.0,4.0,8.0,0.0,14.0,3.0,6.0,45.0,68.0,42.0,54.0,56.0,1.0,6.0,9.0,7.0,8.0
KNearestNeighbours,KNN-21-4,0.41262445700226813,0.5405405405405406,0.4934170129072678,0.4352474323062558,0.5405405405405406,0.5405405405405406,0.5405405405405406,0.4352474323062558,0.41519163763066197,0.5405405405405406,0.5061211036820792,0.4249443668167469,0.42968851124040686,0.4318758666463166,0.5405405405405406,0.5405405405405406,0.5405405405405406,0.5238561803536186,0.5316706672494316,0.5351907889344466,0.38991270611057227,0.39758702195582496,20.0,0.0,8.0,9.0,3.0,9.0,0.0,15.0,4.0,6.0,44.0,68.0,41.0,53.0,56.0,1.0,6.0,10.0,8.0,9.0
KNearestNeighbours,KNN-22-4,0.4395795508838988,0.5675675675675675,0.5217933652716261,0.46302521008403363,0.5675675675675675,0.5675675675675675,0.5675675675675675,0.46302521008403363,0.44379745689850214,0.5675675675675675,0.5352558450119426,0.45338489902918216,0.4578594396415709,0.459900623497285,0.5675675675675675,0.5675675675675675,0.5675675675675675,0.552144476600012,0.5594089127903132,0.5626568896147606,0.4270505685942414,0.4342715752484,20.0,0.0,9.0,9.0,4.0,8.0,0.0,14.0,4.0,6.0,45.0,68.0,42.0,53.0,56.0,1.0,6.0,9.0,8.0,8.0
KNearestNeighbours,KNN-23-4,0.3620600414078675,0.5135135135135135,0.4501566784175479,0.40256769374416435,0.5135135135135135,0.5135135135135135,0.5135135135135135,0.40256769374416435,0.3765579890492783,0.5135135135135135,0.47451619738205103,0.39059470966573057,0.3962964712686626,0.39880741695760125,0.5135135135135135,0.5135135135135136,0.5135135135135135,0.4958644780299821,0.5043132418669802,0.5080071734271405,0.3538685423235508,0.35990688238821306,20.0,0.0,7.0,10.0,1.0,8.0,0.0,16.0,5.0,7.0,45.0,68.0,40.0,52.0,55.0,1.0,6.0,11.0,7.0,11.0
KNearestNeighbours,KNN-24-4,0.39771043771043774,0.527027027027027,0.47889707889707883,0.4263772175536881,0.527027027027027,0.527027027027027,0.527027027027027,0.4263772175536881,0.4078787878787879,0.527027027027027,0.49760442260442256,0.41784532191943197,0.42190795912240275,0.42369757451492857,0.527027027027027,0.527027027027027,0.527027027027027,0.5137771995112324,0.5201343700791011,0.5229056380273627,0.3740937651039149,0.3787457501255356,19.0,0.0,7.0,10.0,3.0,8.0,0.0,15.0,5.0,7.0,45.0,68.0,41.0,52.0,55.0,2.0,6.0,11.0,7.0,9.0
KNearestNeighbours,KNN-25-4,0.39453996983408746,0.527027027027027,0.47484407484407487,0.42861811391223154,0.527027027027027,0.527027027027027,0.527027027027027,0.42861811391223154,0.4089435804079109,0.527027027027027,0.4975590826654657,0.4200410834775816,0.4242038150385545,0.4259902414131787,0.527027027027027,0.527027027027027,0.527027027027027,0.5143170271090183,0.5205066041635632,0.523150311090785,0.37484914313299533,0.3784346291766273,18.0,0.0,7.0,11.0,3.0,8.0,0.0,14.0,6.0,7.0,45.0,68.0,42.0,51.0,55.0,3.0,6.0,11.0,6.0,9.0
KNearestNeighbours,KNN-26-4,0.4106005758946935,0.5405405405405406,0.48921753921753924,0.44528478057889825,0.5405405405405406,0.5405405405405406,0.5405405405405406,0.44528478057889825,0.42585268198520454,0.5405405405405406,0.5120351131598028,0.4369316950334767,0.4410035928503781,0.4427403393508982,0.5405405405405406,0.5405405405405406,0.5405405405405406,0.5283437956614082,0.534298455639085,0.5368328527501702,0.39358881658230893,0.3969304392929563,18.0,0.0,7.0,11.0,4.0,8.0,0.0,13.0,6.0,7.0,45.0,68.0,43.0,51.0,55.0,3.0,6.0,11.0,6.0,8.0
KNearestNeighbours,KNN-27-4,0.3721111111111111,0.5,0.4536711711711712,0.40177404295051355,0.5,0.5,0.5,0.40177404295051355,0.38332392245435726,0.5,0.47253549427462477,0.3934319744314916,0.3974312395035477,0.3991766918302867,0.5,0.5,0.5,0.48784402116125924,0.4937112449113562,0.4962481238334486,0.3384875573810099,0.342779583931444,17.0,0.0,8.0,10.0,2.0,8.0,0.0,16.0,6.0,7.0,45.0,68.0,40.0,51.0,55.0,4.0,6.0,10.0,7.0,10.0
KNearestNeighbours,KNN-28-4,0.39056521739130434,0.5135135135135135,0.4698090481786134,0.4184407096171802,0.5135135135135135,0.5135135135135135,0.5135135135135135,0.4184407096171802,0.4016324432019024,0.5135135135135135,0.4881336074337136,0.41094558604673664,0.41455564405277456,0.41612121545856073,0.5135135135135135,0.5135135135135136,0.5135135135135135,0.5023998655719131,0.5077844031040304,0.5101005699757524,0.3572979493365501,0.36107163413249815,17.0,0.0,8.0,10.0,3.0,8.0,0.0,15.0,6.0,7.0,45.0,68.0,41.0,51.0,55.0,4.0,6.0,10.0,7.0,9.0
KNearestNeighbours,KNN-29-4,0.3884965034965035,0.5135135135135135,0.4662327537327537,0.4184407096171802,0.5135135135135135,0.5135135135135135,0.5135135135135135,0.4184407096171802,0.4004384268214055,0.5135135135135135,0.48604387753323924,0.4104235945028315,0.41428670951624225,0.4159610488316698,0.5135135135135135,0.5135135135135136,0.5135135135135135,0.5014776093279395,0.5073075293861175,0.5098161183274781,0.35683244809270875,0.360613108060675,17.0,0.0,8.0,10.0,3.0,9.0,0.0,14.0,6.0,7.0,44.0,68.0,42.0,51.0,55.0,4.0,6.0,10.0,7.0,9.0
KNearestNeighbours,KNN-30-4,0.40645454545454546,0.527027027027027,0.48397420147420145,0.43510737628384694,0.527027027027027,0.527027027027027,0.527027027027027,0.43510737628384694,0.41860342555994734,0.527027027027027,0.5026848983370723,0.4279139149481275,0.43140511243460244,0.43290336825515185,0.527027027027027,0.527027027027027,0.527027027027027,0.5165211552201764,0.5216366890565842,0.5238220972743056,0.37605396290050597,0.37942952586424056,17.0,0.0,8.0,10.0,4.0,8.0,0.0,14.0,6.0,7.0,45.0,68.0,42.0,51.0,55.0,4.0,6.0,10.0,7.0,8.0
KNearestNeighbours,KNN-31-4,0.3702810592836168,0.5,0.44475220562177087,0.40177404295051355,0.5,0.5,0.5,0.40177404295051355,0.37946776913589575,0.5,0.46521224369427194,0.39137437465610836,0.3963235614130755,0.39850637030658226,0.5,0.5,0.5,0.48434927880162587,0.49187186599054994,0.4951438129378401,0.3357593401261524,0.341141767476863,17.0,0.0,8.0,10.0,2.0,10.0,0.0,15.0,7.0,5.0,43.0,68.0,41.0,50.0,57.0,4.0,6.0,10.0,7.0,10.0
KNearestNeighbours,KNN-32-4,0.3878102289866996,0.5135135135135135,0.46319221319221315,0.4184407096171802,0.5135135135135135,0.5135135135135135,0.5135135135135135,0.4184407096171802,0.39947076703021633,0.5135135135135135,0.48405487554423726,0.40993047529507576,0.41402516672843215,0.4158037712514096,0.5135135135135135,0.5135135135135136,0.5135135135135135,0.5006046207054045,0.5068602864356151,0.5095505903123934,0.3560551124002901,0.3600301523934275,17.0,0.0,8.0,10.0,3.0,9.0,0.0,14.0,7.0,6.0,44.0,68.0,42.0,50.0,56.0,4.0,6.0,10.0,7.0,9.0
KNearestNeighbours,KNN-1-5,0.5190073794271696,0.581081081081081,0.5670526442640386,0.5165079365079366,0.581081081081081,0.581081081081081,0.581081081081081,0.5165079365079366,0.4880106532099804,0.581081081081081,0.5455084521022283,0.5003347831351042,0.5076648024439295,0.5111231855896984,0.581081081081081,0.5810810810810811,0.581081081081081,0.5619404514500501,0.570717331724428,0.5747919611753413,0.4501438159156279,0.4618482120897925,19.0,2.0,14.0,6.0,2.0,10.0,5.0,9.0,5.0,2.0,43.0,64.0,47.0,51.0,60.0,2.0,3.0,4.0,12.0,10.0
KNearestNeighbours,KNN-2-5,0.5066666666666666,0.527027027027027,0.522972972972973,0.46222222222222226,0.527027027027027,0.527027027027027,0.527027027027027,0.46222222222222226,0.4662337662337662,0.527027027027027,0.5143910143910143,0.46086622736869043,0.4610770525303522,0.46143566663641666,0.527027027027027,0.527027027027027,0.527027027027027,0.5196547228566933,0.5229334996734923,0.5245173792683778,0.3784497240220782,0.3824951058248005,14.0,1.0,13.0,7.0,4.0,7.0,1.0,13.0,8.0,6.0,46.0,68.0,43.0,48.0,56.0,7.0,4.0,5.0,11.0,8.0
KNearestNeighbours,KNN-3-5,0.5158461538461538,0.581081081081081,0.5694282744282744,0.4963492063492064,0.581081081081081,0.581081081081081,0.581081081081081,0.4963492063492064,0.4892503267660887,0.581081081081081,0.5582953146758992,0.4902152207337168,0.4927486321111286,0.494101976099912,0.581081081081081,0.5810810810810811,0.581081081081081,0.5684128605975179,0.5741548827073856,0.5768621425256021,0.4477611940298507,0.45545064770224725,17.0,1.0,14.0,8.0,3.0,9.0,3.0,11.0,5.0,3.0,44.0,66.0,45.0,51.0,59.0,4.0,4.0,4.0,10.0,9.0
KNearestNeighbours,KNN-4-5,0.47260511227902524,0.581081081081081,0.5548974380496119,0.47619047619047616,0.581081081081081,0.581081081081081,0.581081081081081,0.47619047619047616,0.46282015198423865,0.581081081081081,0.5563912491157074,0.4682481403776464,0.4717727149442929,0.4734812667822082,0.581081081081081,0.5810810810810811,0.581081081081081,0.5684232187903749,0.5742598558470431,0.5769457023536897,0.4462949553463673,0.45229979182302804,15.0,0.0,15.0,9.0,4.0,8.0,2.0,11.0,7.0,3.0,45.0,67.0,45.0,49.0,59.0,6.0,5.0,3.0,9.0,8.0
KNearestNeighbours,KNN-5-5,0.5083333333333333,0.581081081081081,0.5827702702702703,0.46269841269841266,0.581081081081081,0.581081081081081,0.581081081081081,0.46269841269841266,0.4512639090469279,0.581081081081081,0.5490257129408074,0.45303683347892676,0.4570582101922507,0.4591835270389426,0.581081081081081,0.5810810810810811,0.581081081081081,0.5625507118768365,0.570851732254818,0.5748247577586987,0.44198491851131105,0.45444573784974557,20.0,0.0,11.0,9.0,3.0,12.0,3.0,10.0,5.0,1.0,41.0,66.0,46.0,51.0,61.0,1.0,5.0,7.0,9.0,9.0
KNearestNeighbours,KNN-6-5,0.45322884012539183,0.5675675675675675,0.5277387104973311,0.45476190476190476,0.5675675675675675,0.5675675675675675,0.5675675675675675,0.45476190476190476,0.4345882352941176,0.5675675675675675,0.5291255961844197,0.4435553834512208,0.44866974242033814,0.4510607858487116,0.5675675675675675,0.5675675675675675,0.5675675675675675,0.548800700459948,0.5576273065409678,0.5615843206371479,0.4206019084903352,0.42925615658109983,18.0,0.0,12.0,9.0,3.0,11.0,0.0,10.0,9.0,2.0,42.0,69.0,46.0,47.0,60.0,3.0,5.0,6.0,9.0,9.0
KNearestNeighbours,KNN-7-5,0.40531874039938554,0.5135135135135135,0.4772621123427575,0.4031746031746032,0.5135135135135135,0.5135135135135135,0.5135135135135135,0.4031746031746032,0.38107088989441934,0.5135135135135135,0.47282010517304635,0.39075126603177096,0.39638286132115563,0.3990375120599005,0.5135135135135135,0.5135135135135136,0.5135135135135135,0.4931355224132223,0.5026207843024935,0.5069309018153685,0.35040234089246525,0.35902608242933687,19.0,0.0,10.0,7.0,2.0,12.0,2.0,11.0,9.0,2.0,41.0,67.0,45.0,47.0,60.0,2.0,5.0,8.0,11.0,10.0
KNearestNeighbours,KNN-8-5,0.4249365348856012,0.527027027027027,0.49533008633178405,0.4253968253968254,0.527027027027027,0.527027027027027,0.527027027027027,0.4253968253968254,0.4125101546154178,0.527027027027027,0.49718791646245414,0.417305533047662,0.42083604912847183,0.42258562879429196,0.527027027027027,0.527027027027027,0.527027027027027,0.5115397386761705,0.5186377971720598,0.5219294906848879,0.3712066035445496,0.3781484403554846,19.0,0.0,9.0,7.0,4.0,12.0,2.0,10.0,8.0,3.0,41.0,67.0,46.0,48.0,59.0,2.0,5.0,9.0,11.0,8.0
KNearestNeighbours,KNN-9-5,0.46637681159420286,0.581081081081081,0.5455934195064629,0.46269841269841266,0.581081081081081,0.581081081081081,0.581081081081081,0.46269841269841266,0.4417802486848398,0.581081081081081,0.5404799526930086,0.4502798241765009,0.4558317420452225,0.45849913298801326,0.581081081081081,0.5810810810810811,0.581081081081081,0.5602520258879234,0.5698873305065536,0.5743041584113113,0.44184914841849143,0.45229023890148007,20.0,0.0,13.0,7.0,3.0,10.0,2.0,10.0,7.0,2.0,43.0,67.0,46.0,49.0,60.0,1.0,5.0,5.0,11.0,9.0
KNearestNeighbours,KNN-10-5,0.4650303419718712,0.5945945945945946,0.5458064404091391,0.4809523809523809,0.5945945945945946,0.5945945945945946,0.5945945945945946,0.4809523809523809,0.46000949157816934,0.5945945945945946,0.5561424115211021,0.4696649938992904,0.47481316476333807,0.4772191733054433,0.5945945945945946,0.5945945945945946,0.5945945945945946,0.5758129076070712,0.584606854135728,0.5885712008345462,0.4584044888997316,0.4673699033191133,19.0,0.0,13.0,8.0,4.0,10.0,0.0,10.0,7.0,3.0,43.0,69.0,46.0,49.0,59.0,2.0,5.0,5.0,10.0,8.0
KNearestNeighbours,KNN-11-5,0.4740322580645161,0.581081081081081,0.5540322580645162,0.46269841269841266,0.581081081081081,0.581081081081081,0.581081081081081,0.46269841269841266,0.44157724628312855,0.581081081081081,0.5396215866804102,0.4492668170631665,0.45516024330242677,0.45806275328842716,0.581081081081081,0.5810810810810811,0.581081081081081,0.558710756490699,0.5689023550068761,0.5736708088744077,0.4414414414414415,0.4548878725427262,20.0,0.0,13.0,7.0,3.0,11.0,2.0,11.0,5.0,2.0,42.0,67.0,45.0,51.0,60.0,1.0,5.0,5.0,11.0,9.0
KNearestNeighbours,KNN-12-5,0.4460344827586207,0.581081081081081,0.5284948741845295,0.46428571428571425,0.581081081081081,0.581081081081081,0.581081081081081,0.46428571428571425,0.4394458874458874,0.581081081081081,0.5382449982449982,0.451067838131082,0.45712393201542084,0.45993709644937103,0.581081081081081,0.5810810810810811,0.581081081081081,0.5601562521477841,0.5699579109736403,0.5743740358856323,0.43953090642560466,0.44946967452357484,19.0,0.0,13.0,8.0,3.0,10.0,0.0,11.0,7.0,3.0,43.0,69.0,45.0,49.0,59.0,2.0,5.0,5.0,10.0,9.0
KNearestNeighbours,KNN-13-5,0.4956989247311828,0.5945945945945946,0.5682214472537053,0.4738095238095238,0.5945945945945946,0.5945945945945946,0.5945945945945946,0.4738095238095238,0.44967948717948714,0.5945945945945946,0.5476871101871101,0.45883403334111117,0.4654726993436671,0.468698969452735,0.5945945945945946,0.5945945945945946,0.5945945945945946,0.5699052624608741,0.5812523352845933,0.5864996528930236,0.4569471624266144,0.47119661177008987,20.0,0.0,14.0,7.0,3.0,11.0,1.0,10.0,7.0,1.0,42.0,68.0,46.0,49.0,61.0,1.0,5.0,4.0,11.0,9.0
KNearestNeighbours,KNN-14-5,0.5196190476190476,0.6216216216216216,0.5941312741312742,0.5015873015873017,0.6216216216216216,0.6216216216216216,0.6216216216216216,0.5015873015873017,0.48121295029639766,0.6216216216216216,0.5788996931267792,0.4882634473256056,0.4940865732334217,0.4969707852035567,0.6216216216216216,0.6216216216216215,0.6216216216216216,0.5987991657199554,0.6092381596364252,0.6140971611401895,0.4926542605288933,0.5072479175693179,20.0,0.0,14.0,8.0,4.0,10.0,0.0,11.0,6.0,1.0,43.0,69.0,45.0,50.0,61.0,1.0,5.0,4.0,10.0,8.0
KNearestNeighbours,KNN-15-5,0.4540909090909091,0.5675675675675675,0.5289619164619165,0.4515873015873016,0.5675675675675675,0.5675675675675675,0.5675675675675675,0.4515873015873016,0.42903163152053275,0.5675675675675675,0.5237750097489277,0.43807248999364834,0.4440730574000157,0.44698010868751903,0.5675675675675675,0.5675675675675675,0.5675675675675675,0.5447921322761202,0.5552511748475127,0.5600898570260231,0.4211684184795893,0.43345907834730674,20.0,0.0,12.0,7.0,3.0,12.0,1.0,10.0,7.0,2.0,41.0,68.0,46.0,49.0,60.0,1.0,5.0,6.0,11.0,9.0
KNearestNeighbours,KNN-16-5,0.4714535464535464,0.5945945945945946,0.5523952398952399,0.4793650793650793,0.5945945945945946,0.5945945945945946,0.5945945945945946,0.4793650793650793,0.45837972899381746,0.5945945945945946,0.5539460913968395,0.4669182873576296,0.4724240465416935,0.4751026689691556,0.5945945945945946,0.5945945945945946,0.5945945945945946,0.5733383050935164,0.5830559431582448,0.5875774065050996,0.45721271393643037,0.4701892385256052,20.0,0.0,12.0,8.0,4.0,12.0,0.0,10.0,5.0,3.0,41.0,69.0,46.0,51.0,59.0,1.0,5.0,6.0,10.0,8.0
KNearestNeighbours,KNN-17-5,0.4545454545454546,0.5675675675675675,0.5287469287469287,0.4515873015873016,0.5675675675675675,0.5675675675675675,0.5675675675675675,0.4515873015873016,0.42990065776443487,0.5675675675675675,0.5242653292188896,0.43843849724871475,0.44424170237879546,0.447073879817632,0.5675675675675675,0.5675675675675675,0.5675675675675675,0.544938569039726,0.555291021119081,0.5601023963983448,0.42074363992172215,0.4332830755675623,20.0,0.0,12.0,7.0,3.0,13.0,1.0,8.0,8.0,2.0,40.0,68.0,48.0,48.0,60.0,1.0,5.0,6.0,11.0,9.0
KNearestNeighbours,KNN-18-5,0.445952380952381,0.581081081081081,0.5271718146718147,0.46269841269841266,0.581081081081081,0.581081081081081,0.581081081081081,0.46269841269841266,0.43765668293970184,0.581081081081081,0.5358547622698566,0.4489556297120257,0.45517007527008574,0.45810557205994973,0.581081081081081,0.5810810810810811,0.581081081081081,0.5584533365400997,0.5689363720619391,0.573726838788861,0.4382957884427032,0.4500741908881461,20.0,0.0,12.0,8.0,3.0,12.0,0.0,9.0,7.0,3.0,41.0,69.0,47.0,49.0,59.0,1.0,5.0,6.0,10.0,9.0
KNearestNeighbours,KNN-19-5,0.4699098377078742,0.581081081081081,0.5477107442044329,0.46428571428571425,0.581081081081081,0.581081081081081,0.581081081081081,0.46428571428571425,0.4435713497406467,0.581081081081081,0.540487596083005,0.4516865259663649,0.45727424930964744,0.4599868597720553,0.581081081081081,0.5810810810810811,0.581081081081081,0.5598910134998768,0.5696306915512845,0.5741330386834598,0.4396678065461651,0.45174609803619226,19.0,0.0,13.0,8.0,3.0,12.0,1.0,10.0,6.0,2.0,41.0,68.0,46.0,50.0,60.0,2.0,5.0,5.0,10.0,9.0
KNearestNeighbours,KNN-20-5,0.43833822091886604,0.5675675675675675,0.5174209400015851,0.4531746031746032,0.5675675675675675,0.5675675675675675,0.5675675675675675,0.4531746031746032,0.42979020979020977,0.5675675675675675,0.5253165753165753,0.44038654431649427,0.4461891145093255,0.44891883000377036,0.5675675675675675,0.5675675675675675,0.5675675675675675,0.5465727458295004,0.5563375949773963,0.5607779341940761,0.4206019084903353,0.43107408385383056,19.0,0.0,12.0,8.0,3.0,12.0,0.0,10.0,7.0,3.0,41.0,69.0,46.0,49.0,59.0,2.0,5.0,6.0,10.0,9.0
KNearestNeighbours,KNN-21-5,0.4649675324675324,0.5675675675675675,0.5396564584064584,0.45476190476190476,0.5675675675675675,0.5675675675675675,0.5675675675675675,0.45476190476190476,0.4364372918978912,0.5675675675675675,0.529722230554639,0.4430973155323882,0.4482067114697312,0.450727867899133,0.5675675675675675,0.5675675675675675,0.5675675675675675,0.5474085323954636,0.5566097647610899,0.5609023491341553,0.4211684184795893,0.43345907834730674,18.0,0.0,13.0,8.0,3.0,14.0,1.0,9.0,6.0,2.0,39.0,68.0,47.0,50.0,60.0,3.0,5.0,5.0,10.0,9.0
KNearestNeighbours,KNN-22-5,0.4290909090909091,0.5540540540540541,0.5056511056511056,0.4436507936507937,0.5540540540540541,0.5540540540540541,0.5540540540540541,0.4436507936507937,0.4219607843137255,0.5540540540540541,0.514785373608903,0.43201895777483684,0.4373375636493379,0.43981485370558265,0.5540540540540541,0.5540540540540541,0.5540540540540541,0.5349116295364895,0.5438809024956337,0.5479199866129645,0.4029339853300734,0.4116348360526627,18.0,0.0,12.0,8.0,3.0,12.0,0.0,10.0,8.0,3.0,41.0,69.0,46.0,48.0,59.0,3.0,5.0,6.0,10.0,9.0
KNearestNeighbours,KNN-23-5,0.45161904761904764,0.5540540540540541,0.5235907335907336,0.44523809523809527,0.5540540540540541,0.5540540540540541,0.5540540540540541,0.44523809523809527,0.4248518011855905,0.5540540540540541,0.5151218249713462,0.432770454973104,0.4382950107494259,0.4409804296875025,0.5540540540540541,0.5540540540540541,0.5540540540540541,0.5336225654769642,0.543005374820996,0.5473485356554842,0.40205680705190994,0.41396673988509936,17.0,0.0,13.0,8.0,3.0,13.0,0.0,12.0,6.0,2.0,40.0,69.0,44.0,50.0,60.0,4.0,5.0,5.0,10.0,9.0
KNearestNeighbours,KNN-24-5,0.43724137931034485,0.5405405405405406,0.506896551724138,0.4341269841269842,0.5405405405405406,0.5405405405405406,0.5405405405405406,0.4341269841269842,0.4149915966386555,0.5405405405405406,0.5036702248466954,0.4229553423701028,0.4279805463989913,0.4303757291095117,0.5405405405405406,0.5405405405405406,0.5405405405405406,0.5219527672149145,0.5306051130163691,0.5345386296381579,0.38438952777098123,0.3935427540631507,17.0,0.0,12.0,8.0,3.0,12.0,0.0,12.0,8.0,2.0,41.0,69.0,44.0,48.0,60.0,4.0,5.0,6.0,10.0,9.0
KNearestNeighbours,KNN-25-5,0.44370370370370366,0.5540540540540541,0.5153153153153152,0.4436507936507937,0.5540540540540541,0.5540540540540541,0.5540540540540541,0.4436507936507937,0.4162091503267974,0.5540540540540541,0.5062003179650238,0.4273412232697238,0.4345945721661065,0.43810087561140226,0.5540540540540541,0.5540540540540541,0.5540540540540541,0.5287975397210749,0.5403560076435785,0.5457294058642148,0.40205680705190994,0.41688282449332165,18.0,0.0,14.0,6.0,3.0,12.0,0.0,13.0,6.0,2.0,41.0,69.0,43.0,50.0,60.0,3.0,5.0,4.0,12.0,9.0
KNearestNeighbours,KNN-26-5,0.44370370370370366,0.5540540540540541,0.5153153153153152,0.4436507936507937,0.5540540540540541,0.5540540540540541,0.5540540540540541,0.4436507936507937,0.4162091503267974,0.5540540540540541,0.5062003179650238,0.4273412232697238,0.4345945721661065,0.43810087561140226,0.5540540540540541,0.5540540540540541,0.5540540540540541,0.5287975397210749,0.5403560076435785,0.5457294058642148,0.40205680705190994,0.41688282449332165,18.0,0.0,14.0,6.0,3.0,12.0,0.0,13.0,6.0,2.0,41.0,69.0,43.0,50.0,60.0,3.0,5.0,4.0,12.0,9.0
KNearestNeighbours,KNN-27-5,0.4360542309490416,0.5405405405405406,0.5039194875099503,0.4341269841269841,0.5405405405405406,0.5405405405405406,0.5405405405405406,0.4341269841269841,0.41303521920451625,0.5405405405405406,0.5002305558259647,0.42173173591952784,0.42727938541647853,0.42993987903774744,0.5405405405405406,0.5405405405405406,0.5405405405405406,0.5199342476967319,0.5294649479957105,0.533833614069932,0.3834844400882137,0.3942372170135087,17.0,0.0,13.0,7.0,3.0,14.0,0.0,10.0,8.0,2.0,39.0,69.0,46.0,48.0,60.0,4.0,5.0,5.0,11.0,9.0
KNearestNeighbours,KNN-28-5,0.43387681159420294,0.5405405405405406,0.5020123384253818,0.4341269841269841,0.5405405405405406,0.5405405405405406,0.5405405405405406,0.4341269841269841,0.4131037780966045,0.5405405405405406,0.5008336887820388,0.4221141404110619,0.42754071261905374,0.43011180719333986,0.5405405405405406,0.5405405405405406,0.5405405405405406,0.5206621829015076,0.5299258230408136,0.5341299407301512,0.3839373163565133,0.3934165384153308,17.0,0.0,13.0,7.0,3.0,13.0,0.0,10.0,9.0,2.0,40.0,69.0,46.0,47.0,60.0,4.0,5.0,5.0,11.0,9.0
KNearestNeighbours,KNN-29-5,0.41433691756272395,0.4864864864864865,0.4707933740191804,0.38571428571428573,0.4864864864864865,0.4864864864864865,0.4864864864864865,0.38571428571428573,0.36418803418803414,0.4864864864864865,0.4462577962577962,0.37314517543064096,0.3788335766596636,0.3815236167736827,0.4864864864864865,0.4864864864864864,0.4864864864864865,0.4661290773278584,0.47561836486630843,0.4799243906214109,0.30892111083804374,0.31827207574467625,16.0,0.0,11.0,7.0,2.0,15.0,0.0,11.0,11.0,1.0,38.0,69.0,45.0,45.0,61.0,5.0,5.0,7.0,11.0,10.0
KNearestNeighbours,KNN-30-5,0.42277511961722486,0.5,0.48175352385878706,0.3968253968253968,0.5,0.5,0.5,0.3968253968253968,0.3744992050874404,0.5,0.459287586473596,0.3841492148586542,0.38993760640426145,0.3926430078464488,0.5,0.5,0.5,0.47975975549916666,0.4892578961786521,0.4935300683344305,0.3276031434184675,0.33667770452152235,16.0,0.0,12.0,7.0,2.0,14.0,0.0,10.0,12.0,1.0,39.0,69.0,46.0,44.0,61.0,5.0,5.0,6.0,11.0,10.0
KNearestNeighbours,KNN-31-5,0.39052961557498767,0.4864864864864865,0.45539715594162056,0.3873015873015873,0.4864864864864865,0.4864864864864865,0.4864864864864865,0.3873015873015873,0.36810810810810807,0.4864864864864865,0.45175310445580713,0.3768396920345705,0.3816522891389508,0.383878768035388,0.4864864864864865,0.4864864864864864,0.4864864864864865,0.4696334671857172,0.47758780587247623,0.4811373406434218,0.31095319774565067,0.3180587783291622,15.0,0.0,10.0,9.0,2.0,14.0,0.0,9.0,13.0,2.0,39.0,69.0,47.0,43.0,60.0,6.0,5.0,8.0,9.0,10.0
KNearestNeighbours,KNN-32-5,0.40610389610389613,0.5135135135135135,0.47653562653562653,0.40793650793650793,0.5135135135135135,0.5135135135135135,0.5135135135135135,0.40793650793650793,0.38640171858216965,0.5135135135135135,0.476153220890063,0.39662857956104947,0.4018849313379468,0.4042826758494962,0.5135135135135135,0.5135135135135136,0.5135135135135135,0.4957511236419654,0.5041918488622554,0.5079240911038146,0.3476983349657199,0.3550592998550272,16.0,0.0,11.0,9.0,2.0,12.0,0.0,9.0,13.0,2.0,41.0,69.0,47.0,43.0,60.0,5.0,5.0,7.0,9.0,10.0
