model_type,id,score
RandomForestRFE,RF-1-1,0.2916666666666667
RandomForestRFE,RF-2-1,0.375
RandomForestRFE,RF-3-1,0.2777777777777778
RandomForestRFE,RF-4-1,0.3333333333333333
RandomForestRFE,RF-5-1,0.3611111111111111
RandomForestRFE,RF-6-1,0.3055555555555555
RandomForestRFE,RF-7-1,0.5
RandomForestRFE,RF-8-1,0.4722222222222222
RandomForestRFE,RF-9-1,0.5
RandomForestRFE,RF-10-1,0.5555555555555556
RandomForestRFE,RF-11-1,0.41666666666666663
RandomForestRFE,RF-12-1,0.41666666666666663
RandomForestRFE,RF-13-1,0.41666666666666663
RandomForestRFE,RF-14-1,0.4444444444444444
RandomForestRFE,RF-15-1,0.38888888888888884
RandomForestRFE,RF-16-1,0.38888888888888884
RandomForestRFE,RF-17-1,0.41666666666666663
RandomForestRFE,RF-18-1,0.41666666666666663
RandomForestRFE,RF-19-1,0.41666666666666663
RandomForestRFE,RF-20-1,0.4444444444444444
RandomForestRFE,RF-21-1,0.4722222222222222
RandomForestRFE,RF-22-1,0.4722222222222222
RandomForestRFE,RF-23-1,0.41666666666666663
RandomForestRFE,RF-24-1,0.4722222222222222
RandomForestRFE,RF-25-1,0.4722222222222222
RandomForestRFE,RF-26-1,0.4444444444444444
RandomForestRFE,RF-27-1,0.4722222222222222
RandomForestRFE,RF-28-1,0.4722222222222222
RandomForestRFE,RF-29-1,0.4722222222222222
RandomForestRFE,RF-30-1,0.3888888888888889
RandomForestRFE,RF-31-1,0.4722222222222222
RandomForestRFE,RF-32-1,0.4722222222222222
RandomForestRFE,RF-33-1,0.4722222222222222
RandomForestRFE,RF-34-1,0.3611111111111111
RandomForestRFE,RF-35-1,0.4722222222222222
RandomForestRFE,RF-36-1,0.4722222222222222
RandomForestRFE,RF-37-1,0.4444444444444444
RandomForestRFE,RF-38-1,0.4722222222222222
RandomForestRFE,RF-39-1,0.4722222222222222
RandomForestRFE,RF-40-1,0.4722222222222222
RandomForestRFE,RF-41-1,0.4444444444444444
RandomForestRFE,RF-42-1,0.4722222222222222
RandomForestRFE,RF-43-1,0.4722222222222222
RandomForestRFE,RF-44-1,0.4722222222222222
RandomForestRFE,RF-45-1,0.4444444444444444
RandomForestRFE,RF-46-1,0.5555555555555556
RandomForestRFE,RF-47-1,0.4444444444444444
RandomForestRFE,RF-48-1,0.4722222222222222
RandomForestRFE,RF-49-1,0.4444444444444444
RandomForestRFE,RF-50-1,0.4722222222222222
RandomForestRFE,RF-51-1,0.4722222222222222
RandomForestRFE,RF-52-1,0.4722222222222222
RandomForestRFE,RF-53-1,0.4444444444444444
RandomForestRFE,RF-54-1,0.4722222222222222
RandomForestRFE,RF-55-1,0.4722222222222222
RandomForestRFE,RF-56-1,0.4444444444444444
RandomForestRFE,RF-57-1,0.4722222222222222
RandomForestRFE,RF-58-1,0.4444444444444444
RandomForestRFE,RF-59-1,0.4722222222222222
RandomForestRFE,RF-60-1,0.3888888888888889
RandomForestRFE,RF-61-1,0.4444444444444444
RandomForestRFE,RF-62-1,0.3333333333333333
RandomForestRFE,RF-63-1,0.4444444444444444
RandomForestRFE,RF-64-1,0.3611111111111111
RandomForestRFE,RF-65-1,0.4444444444444444
RandomForestRFE,RF-66-1,0.4722222222222222
RandomForestRFE,RF-67-1,0.3611111111111111
RandomForestRFE,RF-68-1,0.41666666666666663
RandomForestRFE,RF-69-1,0.3611111111111111
RandomForestRFE,RF-70-1,0.3888888888888889
RandomForestRFE,RF-71-1,0.4444444444444444
RandomForestRFE,RF-72-1,0.4722222222222222
RandomForestRFE,RF-73-1,0.4444444444444444
RandomForestRFE,RF-74-1,0.5
RandomForestRFE,RF-75-1,0.4444444444444444
RandomForestRFE,RF-76-1,0.4444444444444444
RandomForestRFE,RF-77-1,0.3611111111111111
RandomForestRFE,RF-78-1,0.4444444444444444
RandomForestRFE,RF-79-1,0.4444444444444444
RandomForestRFE,RF-80-1,0.4722222222222222
RandomForestRFE,RF-81-1,0.4444444444444444
RandomForestRFE,RF-82-1,0.4722222222222222
RandomForestRFE,RF-83-1,0.4444444444444444
RandomForestRFE,RF-84-1,0.4722222222222222
RandomForestRFE,RF-85-1,0.41666666666666663
RandomForestRFE,RF-86-1,0.41666666666666663
RandomForestRFE,RF-87-1,0.5
RandomForestRFE,RF-88-1,0.3888888888888889
RandomForestRFE,RF-89-1,0.3888888888888889
RandomForestRFE,RF-90-1,0.4444444444444444
RandomForestRFE,RF-91-1,0.5
RandomForestRFE,RF-92-1,0.3611111111111111
RandomForestRFE,RF-93-1,0.4444444444444444
RandomForestRFE,RF-94-1,0.4444444444444444
RandomForestRFE,RF-95-1,0.4722222222222222
RandomForestRFE,RF-96-1,0.4444444444444444
RandomForestRFE,RF-97-1,0.5277777777777778
RandomForestRFE,RF-98-1,0.4444444444444444
RandomForestRFE,RF-99-1,0.4444444444444444
RandomForestRFE,RF-100-1,0.4444444444444444
RandomForestRFE,RF-101-1,0.4722222222222222
RandomForestRFE,RF-102-1,0.3888888888888889
RandomForestRFE,RF-103-1,0.4722222222222222
RandomForestRFE,RF-104-1,0.4444444444444444
RandomForestRFE,RF-105-1,0.4722222222222222
RandomForestRFE,RF-106-1,0.3333333333333333
RandomForestRFE,RF-107-1,0.3333333333333333
RandomForestRFE,RF-108-1,0.4444444444444444
RandomForestRFE,RF-109-1,0.3888888888888889
RandomForestRFE,RF-110-1,0.3888888888888889
RandomForestRFE,RF-111-1,0.41666666666666663
RandomForestRFE,RF-112-1,0.3333333333333333
RandomForestRFE,RF-113-1,0.3888888888888889
RandomForestRFE,RF-114-1,0.4444444444444444
RandomForestRFE,RF-115-1,0.3888888888888889
RandomForestRFE,RF-116-1,0.4722222222222222
RandomForestRFE,RF-117-1,0.4444444444444444
RandomForestRFE,RF-118-1,0.4722222222222222
RandomForestRFE,RF-119-1,0.3888888888888889
RandomForestRFE,RF-120-1,0.4444444444444444
RandomForestRFE,RF-121-1,0.4722222222222222
RandomForestRFE,RF-122-1,0.4722222222222222
RandomForestRFE,RF-123-1,0.3888888888888889
RandomForestRFE,RF-124-1,0.3611111111111111
RandomForestRFE,RF-125-1,0.4444444444444444
RandomForestRFE,RF-126-1,0.4444444444444444
RandomForestRFE,RF-127-1,0.4444444444444444
RandomForestRFE,RF-128-1,0.4722222222222222
RandomForestRFE,RF-129-1,0.5555555555555556
RandomForestRFE,RF-130-1,0.38888888888888884
RandomForestRFE,RF-131-1,0.3888888888888889
RandomForestRFE,RF-132-1,0.4722222222222222
RandomForestRFE,RF-133-1,0.3611111111111111
RandomForestRFE,RF-134-1,0.3888888888888889
RandomForestRFE,RF-135-1,0.4444444444444444
RandomForestRFE,RF-136-1,0.3611111111111111
RandomForestRFE,RF-137-1,0.4444444444444444
RandomForestRFE,RF-138-1,0.4722222222222222
RandomForestRFE,RF-139-1,0.5
RandomForestRFE,RF-140-1,0.3611111111111111
RandomForestRFE,RF-141-1,0.3888888888888889
RandomForestRFE,RF-142-1,0.3611111111111111
RandomForestRFE,RF-143-1,0.3333333333333333
RandomForestRFE,RF-144-1,0.4722222222222222
RandomForestRFE,RF-145-1,0.4444444444444444
RandomForestRFE,RF-146-1,0.4722222222222222
RandomForestRFE,RF-147-1,0.4444444444444444
RandomForestRFE,RF-148-1,0.4722222222222222
RandomForestRFE,RF-149-1,0.4722222222222222
RandomForestRFE,RF-150-1,0.4722222222222222
RandomForestRFE,RF-151-1,0.5
RandomForestRFE,RF-152-1,0.3888888888888889
RandomForestRFE,RF-153-1,0.4444444444444444
RandomForestRFE,RF-154-1,0.4722222222222222
RandomForestRFE,RF-155-1,0.4444444444444444
RandomForestRFE,RF-156-1,0.4444444444444444
RandomForestRFE,RF-157-1,0.3333333333333333
RandomForestRFE,RF-158-1,0.4444444444444444
RandomForestRFE,RF-159-1,0.3611111111111111
RandomForestRFE,RF-160-1,0.4444444444444444
RandomForestRFE,RF-161-1,0.3333333333333333
RandomForestRFE,RF-162-1,0.4722222222222222
RandomForestRFE,RF-163-1,0.4444444444444444
RandomForestRFE,RF-164-1,0.3888888888888889
RandomForestRFE,RF-165-1,0.3888888888888889
RandomForestRFE,RF-166-1,0.3888888888888889
RandomForestRFE,RF-167-1,0.3611111111111111
RandomForestRFE,RF-168-1,0.41666666666666663
RandomForestRFE,RF-169-1,0.3611111111111111
RandomForestRFE,RF-170-1,0.4444444444444444
RandomForestRFE,RF-171-1,0.3611111111111111
RandomForestRFE,RF-172-1,0.4722222222222222
RandomForestRFE,RF-173-1,0.3888888888888889
RandomForestRFE,RF-174-1,0.3611111111111111
RandomForestRFE,RF-175-1,0.3888888888888889
RandomForestRFE,RF-176-1,0.4444444444444444
RandomForestRFE,RF-177-1,0.3611111111111111
RandomForestRFE,RF-178-1,0.4722222222222222
RandomForestRFE,RF-1-2,0.27777777777777773
RandomForestRFE,RF-2-2,0.3333333333333333
RandomForestRFE,RF-3-2,0.38888888888888884
RandomForestRFE,RF-4-2,0.18055555555555555
RandomForestRFE,RF-5-2,0.3055555555555555
RandomForestRFE,RF-6-2,0.4861111111111111
RandomForestRFE,RF-7-2,0.38888888888888884
RandomForestRFE,RF-8-2,0.3194444444444444
RandomForestRFE,RF-9-2,0.3194444444444444
RandomForestRFE,RF-10-2,0.4861111111111111
RandomForestRFE,RF-11-2,0.375
RandomForestRFE,RF-12-2,0.49999999999999994
RandomForestRFE,RF-13-2,0.4027777777777778
RandomForestRFE,RF-14-2,0.4583333333333333
RandomForestRFE,RF-15-2,0.4444444444444444
RandomForestRFE,RF-16-2,0.4027777777777778
RandomForestRFE,RF-17-2,0.48611111111111116
RandomForestRFE,RF-18-2,0.4027777777777778
RandomForestRFE,RF-19-2,0.4027777777777778
RandomForestRFE,RF-20-2,0.45833333333333337
RandomForestRFE,RF-21-2,0.4305555555555556
RandomForestRFE,RF-22-2,0.5
RandomForestRFE,RF-23-2,0.5833333333333334
RandomForestRFE,RF-24-2,0.5972222222222222
RandomForestRFE,RF-25-2,0.6111111111111112
RandomForestRFE,RF-26-2,0.513888888888889
RandomForestRFE,RF-27-2,0.6666666666666666
RandomForestRFE,RF-28-2,0.4305555555555556
RandomForestRFE,RF-29-2,0.4722222222222222
RandomForestRFE,RF-30-2,0.513888888888889
RandomForestRFE,RF-31-2,0.5277777777777778
RandomForestRFE,RF-32-2,0.513888888888889
RandomForestRFE,RF-33-2,0.5416666666666666
RandomForestRFE,RF-34-2,0.6111111111111112
RandomForestRFE,RF-35-2,0.5277777777777778
RandomForestRFE,RF-36-2,0.5694444444444444
RandomForestRFE,RF-37-2,0.5833333333333334
RandomForestRFE,RF-38-2,0.5694444444444444
RandomForestRFE,RF-39-2,0.5555555555555556
RandomForestRFE,RF-40-2,0.5694444444444444
RandomForestRFE,RF-41-2,0.41666666666666663
RandomForestRFE,RF-42-2,0.625
RandomForestRFE,RF-43-2,0.4861111111111111
RandomForestRFE,RF-44-2,0.5555555555555556
RandomForestRFE,RF-45-2,0.6111111111111112
RandomForestRFE,RF-46-2,0.4861111111111111
RandomForestRFE,RF-47-2,0.5694444444444444
RandomForestRFE,RF-48-2,0.5833333333333334
RandomForestRFE,RF-49-2,0.513888888888889
RandomForestRFE,RF-50-2,0.513888888888889
RandomForestRFE,RF-51-2,0.5555555555555556
RandomForestRFE,RF-52-2,0.5833333333333334
RandomForestRFE,RF-53-2,0.5
RandomForestRFE,RF-54-2,0.5694444444444444
RandomForestRFE,RF-55-2,0.513888888888889
RandomForestRFE,RF-56-2,0.625
RandomForestRFE,RF-57-2,0.5277777777777778
RandomForestRFE,RF-58-2,0.4722222222222222
RandomForestRFE,RF-59-2,0.5972222222222223
RandomForestRFE,RF-60-2,0.5416666666666666
RandomForestRFE,RF-61-2,0.4583333333333333
RandomForestRFE,RF-62-2,0.5972222222222223
RandomForestRFE,RF-63-2,0.4861111111111111
RandomForestRFE,RF-64-2,0.5416666666666667
RandomForestRFE,RF-65-2,0.5833333333333334
RandomForestRFE,RF-66-2,0.5972222222222223
RandomForestRFE,RF-67-2,0.6666666666666666
RandomForestRFE,RF-68-2,0.5555555555555556
RandomForestRFE,RF-69-2,0.4444444444444444
RandomForestRFE,RF-70-2,0.5833333333333334
RandomForestRFE,RF-71-2,0.6111111111111112
RandomForestRFE,RF-72-2,0.4583333333333333
RandomForestRFE,RF-73-2,0.4722222222222222
RandomForestRFE,RF-74-2,0.4861111111111111
RandomForestRFE,RF-75-2,0.5
RandomForestRFE,RF-76-2,0.5416666666666666
RandomForestRFE,RF-77-2,0.5
RandomForestRFE,RF-78-2,0.5833333333333334
RandomForestRFE,RF-79-2,0.5416666666666667
RandomForestRFE,RF-80-2,0.4444444444444444
RandomForestRFE,RF-81-2,0.5416666666666667
RandomForestRFE,RF-82-2,0.5555555555555556
RandomForestRFE,RF-83-2,0.5416666666666667
RandomForestRFE,RF-84-2,0.5277777777777778
RandomForestRFE,RF-85-2,0.4444444444444444
RandomForestRFE,RF-86-2,0.4722222222222222
RandomForestRFE,RF-87-2,0.736111111111111
RandomForestRFE,RF-88-2,0.5694444444444444
RandomForestRFE,RF-89-2,0.513888888888889
RandomForestRFE,RF-90-2,0.5694444444444444
RandomForestRFE,RF-91-2,0.5416666666666667
RandomForestRFE,RF-92-2,0.5833333333333334
RandomForestRFE,RF-93-2,0.5
RandomForestRFE,RF-94-2,0.45833333333333337
RandomForestRFE,RF-95-2,0.48611111111111116
RandomForestRFE,RF-96-2,0.5416666666666666
RandomForestRFE,RF-97-2,0.4722222222222222
RandomForestRFE,RF-98-2,0.5277777777777778
RandomForestRFE,RF-99-2,0.5
RandomForestRFE,RF-100-2,0.4027777777777778
RandomForestRFE,RF-101-2,0.4861111111111111
RandomForestRFE,RF-102-2,0.5694444444444444
RandomForestRFE,RF-103-2,0.4722222222222222
RandomForestRFE,RF-104-2,0.4583333333333333
RandomForestRFE,RF-105-2,0.5
RandomForestRFE,RF-106-2,0.513888888888889
RandomForestRFE,RF-107-2,0.5416666666666666
RandomForestRFE,RF-108-2,0.4305555555555556
RandomForestRFE,RF-109-2,0.5833333333333334
RandomForestRFE,RF-110-2,0.4722222222222222
RandomForestRFE,RF-111-2,0.5694444444444444
RandomForestRFE,RF-112-2,0.5416666666666667
RandomForestRFE,RF-113-2,0.513888888888889
RandomForestRFE,RF-114-2,0.4444444444444444
RandomForestRFE,RF-115-2,0.5694444444444444
RandomForestRFE,RF-116-2,0.48611111111111116
RandomForestRFE,RF-117-2,0.513888888888889
RandomForestRFE,RF-118-2,0.4583333333333333
RandomForestRFE,RF-119-2,0.4722222222222222
RandomForestRFE,RF-120-2,0.4027777777777778
RandomForestRFE,RF-121-2,0.5416666666666667
RandomForestRFE,RF-122-2,0.4722222222222222
RandomForestRFE,RF-123-2,0.5
RandomForestRFE,RF-124-2,0.5555555555555556
RandomForestRFE,RF-125-2,0.48611111111111116
RandomForestRFE,RF-126-2,0.5416666666666667
RandomForestRFE,RF-127-2,0.5972222222222222
RandomForestRFE,RF-128-2,0.4722222222222222
RandomForestRFE,RF-129-2,0.5694444444444444
RandomForestRFE,RF-130-2,0.5416666666666666
RandomForestRFE,RF-131-2,0.4444444444444444
RandomForestRFE,RF-132-2,0.5
RandomForestRFE,RF-133-2,0.513888888888889
RandomForestRFE,RF-134-2,0.375
RandomForestRFE,RF-135-2,0.5555555555555556
RandomForestRFE,RF-136-2,0.513888888888889
RandomForestRFE,RF-137-2,0.4305555555555556
RandomForestRFE,RF-138-2,0.4722222222222222
RandomForestRFE,RF-139-2,0.5416666666666666
RandomForestRFE,RF-140-2,0.5
RandomForestRFE,RF-141-2,0.4722222222222222
RandomForestRFE,RF-142-2,0.4722222222222222
RandomForestRFE,RF-143-2,0.5694444444444444
RandomForestRFE,RF-144-2,0.45833333333333337
RandomForestRFE,RF-145-2,0.4444444444444444
RandomForestRFE,RF-146-2,0.5277777777777778
RandomForestRFE,RF-147-2,0.5
RandomForestRFE,RF-148-2,0.5
RandomForestRFE,RF-149-2,0.5416666666666667
RandomForestRFE,RF-150-2,0.5833333333333334
RandomForestRFE,RF-151-2,0.4722222222222222
RandomForestRFE,RF-152-2,0.4722222222222222
RandomForestRFE,RF-153-2,0.5277777777777778
RandomForestRFE,RF-154-2,0.5
RandomForestRFE,RF-155-2,0.5
RandomForestRFE,RF-156-2,0.4722222222222222
RandomForestRFE,RF-157-2,0.513888888888889
RandomForestRFE,RF-158-2,0.5833333333333334
RandomForestRFE,RF-159-2,0.4305555555555556
RandomForestRFE,RF-160-2,0.5277777777777778
RandomForestRFE,RF-161-2,0.513888888888889
RandomForestRFE,RF-162-2,0.5972222222222223
RandomForestRFE,RF-163-2,0.4722222222222222
RandomForestRFE,RF-164-2,0.5277777777777778
RandomForestRFE,RF-165-2,0.4722222222222222
RandomForestRFE,RF-166-2,0.5277777777777778
RandomForestRFE,RF-167-2,0.4305555555555556
RandomForestRFE,RF-168-2,0.5694444444444444
RandomForestRFE,RF-169-2,0.41666666666666663
RandomForestRFE,RF-170-2,0.5138888888888888
RandomForestRFE,RF-171-2,0.4722222222222222
RandomForestRFE,RF-172-2,0.5833333333333334
RandomForestRFE,RF-173-2,0.5
RandomForestRFE,RF-174-2,0.5
RandomForestRFE,RF-175-2,0.4305555555555556
RandomForestRFE,RF-176-2,0.4305555555555556
RandomForestRFE,RF-177-2,0.4305555555555556
RandomForestRFE,RF-178-2,0.4861111111111111
RandomForestRFE,RF-1-3,0.3194444444444444
RandomForestRFE,RF-2-3,0.375
RandomForestRFE,RF-3-3,0.41666666666666663
RandomForestRFE,RF-4-3,0.3333333333333333
RandomForestRFE,RF-5-3,0.4027777777777778
RandomForestRFE,RF-6-3,0.375
RandomForestRFE,RF-7-3,0.41666666666666663
RandomForestRFE,RF-8-3,0.4444444444444444
RandomForestRFE,RF-9-3,0.4722222222222222
RandomForestRFE,RF-10-3,0.4027777777777778
RandomForestRFE,RF-11-3,0.4305555555555556
RandomForestRFE,RF-12-3,0.4305555555555556
RandomForestRFE,RF-13-3,0.5
RandomForestRFE,RF-14-3,0.45833333333333337
RandomForestRFE,RF-15-3,0.45833333333333337
RandomForestRFE,RF-16-3,0.4583333333333333
RandomForestRFE,RF-17-3,0.5138888888888888
RandomForestRFE,RF-18-3,0.4583333333333333
RandomForestRFE,RF-19-3,0.45833333333333337
RandomForestRFE,RF-20-3,0.45833333333333337
RandomForestRFE,RF-21-3,0.5555555555555556
RandomForestRFE,RF-22-3,0.4722222222222222
RandomForestRFE,RF-23-3,0.638888888888889
RandomForestRFE,RF-24-3,0.5
RandomForestRFE,RF-25-3,0.4305555555555556
RandomForestRFE,RF-26-3,0.4861111111111111
RandomForestRFE,RF-27-3,0.4861111111111111
RandomForestRFE,RF-28-3,0.5138888888888888
RandomForestRFE,RF-29-3,0.4861111111111111
RandomForestRFE,RF-30-3,0.5277777777777778
RandomForestRFE,RF-31-3,0.4861111111111111
RandomForestRFE,RF-32-3,0.5277777777777778
RandomForestRFE,RF-33-3,0.45833333333333337
RandomForestRFE,RF-34-3,0.5694444444444444
RandomForestRFE,RF-35-3,0.5694444444444444
RandomForestRFE,RF-36-3,0.45833333333333337
RandomForestRFE,RF-37-3,0.5555555555555555
RandomForestRFE,RF-38-3,0.4861111111111111
RandomForestRFE,RF-39-3,0.5555555555555556
RandomForestRFE,RF-40-3,0.5
RandomForestRFE,RF-41-3,0.625
RandomForestRFE,RF-42-3,0.5
RandomForestRFE,RF-43-3,0.5277777777777778
RandomForestRFE,RF-44-3,0.4722222222222222
RandomForestRFE,RF-45-3,0.4861111111111111
RandomForestRFE,RF-46-3,0.5138888888888888
RandomForestRFE,RF-47-3,0.5694444444444444
RandomForestRFE,RF-48-3,0.41666666666666663
RandomForestRFE,RF-49-3,0.5277777777777778
RandomForestRFE,RF-50-3,0.4861111111111111
RandomForestRFE,RF-51-3,0.5416666666666666
RandomForestRFE,RF-52-3,0.45833333333333337
RandomForestRFE,RF-53-3,0.4861111111111111
RandomForestRFE,RF-54-3,0.4583333333333333
RandomForestRFE,RF-55-3,0.4861111111111111
RandomForestRFE,RF-56-3,0.4861111111111111
RandomForestRFE,RF-57-3,0.45833333333333337
RandomForestRFE,RF-58-3,0.4027777777777778
RandomForestRFE,RF-59-3,0.45833333333333337
RandomForestRFE,RF-60-3,0.45833333333333337
RandomForestRFE,RF-61-3,0.4305555555555555
RandomForestRFE,RF-62-3,0.5555555555555555
RandomForestRFE,RF-63-3,0.5416666666666666
RandomForestRFE,RF-64-3,0.5416666666666667
RandomForestRFE,RF-65-3,0.5
RandomForestRFE,RF-66-3,0.4861111111111111
RandomForestRFE,RF-67-3,0.5
RandomForestRFE,RF-68-3,0.45833333333333337
RandomForestRFE,RF-69-3,0.4305555555555556
RandomForestRFE,RF-70-3,0.48611111111111116
RandomForestRFE,RF-71-3,0.4305555555555556
RandomForestRFE,RF-72-3,0.5277777777777778
RandomForestRFE,RF-73-3,0.4722222222222222
RandomForestRFE,RF-74-3,0.4722222222222222
RandomForestRFE,RF-75-3,0.4583333333333333
RandomForestRFE,RF-76-3,0.4722222222222222
RandomForestRFE,RF-77-3,0.5
RandomForestRFE,RF-78-3,0.4583333333333333
RandomForestRFE,RF-79-3,0.513888888888889
RandomForestRFE,RF-80-3,0.4722222222222222
RandomForestRFE,RF-81-3,0.45833333333333337
RandomForestRFE,RF-82-3,0.45833333333333337
RandomForestRFE,RF-83-3,0.4583333333333333
RandomForestRFE,RF-84-3,0.4305555555555556
RandomForestRFE,RF-85-3,0.5
RandomForestRFE,RF-86-3,0.5694444444444444
RandomForestRFE,RF-87-3,0.4305555555555556
RandomForestRFE,RF-88-3,0.45833333333333337
RandomForestRFE,RF-89-3,0.5277777777777778
RandomForestRFE,RF-90-3,0.45833333333333337
RandomForestRFE,RF-91-3,0.375
RandomForestRFE,RF-92-3,0.4027777777777778
RandomForestRFE,RF-93-3,0.4722222222222222
RandomForestRFE,RF-94-3,0.4305555555555556
RandomForestRFE,RF-95-3,0.4861111111111111
RandomForestRFE,RF-96-3,0.4861111111111111
RandomForestRFE,RF-97-3,0.4583333333333333
RandomForestRFE,RF-98-3,0.4583333333333333
RandomForestRFE,RF-99-3,0.4305555555555555
RandomForestRFE,RF-100-3,0.4583333333333333
RandomForestRFE,RF-101-3,0.4861111111111111
RandomForestRFE,RF-102-3,0.4583333333333333
RandomForestRFE,RF-103-3,0.4305555555555555
RandomForestRFE,RF-104-3,0.45833333333333337
RandomForestRFE,RF-105-3,0.4861111111111111
RandomForestRFE,RF-106-3,0.4027777777777778
RandomForestRFE,RF-107-3,0.4305555555555556
RandomForestRFE,RF-108-3,0.4305555555555556
RandomForestRFE,RF-109-3,0.4305555555555555
RandomForestRFE,RF-110-3,0.45833333333333337
RandomForestRFE,RF-111-3,0.4583333333333333
RandomForestRFE,RF-112-3,0.4305555555555556
RandomForestRFE,RF-113-3,0.4861111111111111
RandomForestRFE,RF-114-3,0.4305555555555556
RandomForestRFE,RF-115-3,0.5
RandomForestRFE,RF-116-3,0.4305555555555555
RandomForestRFE,RF-117-3,0.4722222222222222
RandomForestRFE,RF-118-3,0.45833333333333337
RandomForestRFE,RF-119-3,0.4861111111111111
RandomForestRFE,RF-120-3,0.4583333333333333
RandomForestRFE,RF-121-3,0.4583333333333333
RandomForestRFE,RF-122-3,0.5555555555555555
RandomForestRFE,RF-123-3,0.4861111111111111
RandomForestRFE,RF-124-3,0.4444444444444444
RandomForestRFE,RF-125-3,0.5555555555555556
RandomForestRFE,RF-126-3,0.4305555555555555
RandomForestRFE,RF-127-3,0.4861111111111111
RandomForestRFE,RF-128-3,0.4305555555555555
RandomForestRFE,RF-129-3,0.5694444444444444
RandomForestRFE,RF-130-3,0.4305555555555555
RandomForestRFE,RF-131-3,0.4722222222222222
RandomForestRFE,RF-132-3,0.375
RandomForestRFE,RF-133-3,0.5555555555555555
RandomForestRFE,RF-134-3,0.4027777777777778
RandomForestRFE,RF-135-3,0.4583333333333333
RandomForestRFE,RF-136-3,0.4305555555555556
RandomForestRFE,RF-137-3,0.4027777777777778
RandomForestRFE,RF-138-3,0.4583333333333333
RandomForestRFE,RF-139-3,0.4444444444444444
RandomForestRFE,RF-140-3,0.5138888888888888
RandomForestRFE,RF-141-3,0.4027777777777778
RandomForestRFE,RF-142-3,0.4027777777777778
RandomForestRFE,RF-143-3,0.375
RandomForestRFE,RF-144-3,0.4861111111111111
RandomForestRFE,RF-145-3,0.4027777777777778
RandomForestRFE,RF-146-3,0.4027777777777778
RandomForestRFE,RF-147-3,0.5138888888888888
RandomForestRFE,RF-148-3,0.4027777777777778
RandomForestRFE,RF-149-3,0.4861111111111111
RandomForestRFE,RF-150-3,0.4305555555555555
RandomForestRFE,RF-151-3,0.4027777777777778
RandomForestRFE,RF-152-3,0.4861111111111111
RandomForestRFE,RF-153-3,0.4027777777777778
RandomForestRFE,RF-154-3,0.4305555555555555
RandomForestRFE,RF-155-3,0.4861111111111111
RandomForestRFE,RF-156-3,0.45833333333333337
RandomForestRFE,RF-157-3,0.45833333333333337
RandomForestRFE,RF-158-3,0.5
RandomForestRFE,RF-159-3,0.4305555555555555
RandomForestRFE,RF-160-3,0.4305555555555555
RandomForestRFE,RF-161-3,0.4583333333333333
RandomForestRFE,RF-162-3,0.4861111111111111
RandomForestRFE,RF-163-3,0.4305555555555555
RandomForestRFE,RF-164-3,0.4305555555555556
RandomForestRFE,RF-165-3,0.4305555555555556
RandomForestRFE,RF-166-3,0.4305555555555555
RandomForestRFE,RF-167-3,0.3472222222222222
RandomForestRFE,RF-168-3,0.4583333333333333
RandomForestRFE,RF-169-3,0.5
RandomForestRFE,RF-170-3,0.4305555555555556
RandomForestRFE,RF-171-3,0.4305555555555555
RandomForestRFE,RF-172-3,0.4583333333333333
RandomForestRFE,RF-173-3,0.4027777777777778
RandomForestRFE,RF-174-3,0.4722222222222222
RandomForestRFE,RF-175-3,0.4722222222222222
RandomForestRFE,RF-176-3,0.3888888888888889
RandomForestRFE,RF-177-3,0.4305555555555555
RandomForestRFE,RF-178-3,0.4444444444444444
RandomForestRFE,RF-1-4,0.2638888888888889
RandomForestRFE,RF-2-4,0.41666666666666663
RandomForestRFE,RF-3-4,0.3333333333333333
RandomForestRFE,RF-4-4,0.4583333333333333
RandomForestRFE,RF-5-4,0.4027777777777778
RandomForestRFE,RF-6-4,0.45833333333333337
RandomForestRFE,RF-7-4,0.4861111111111111
RandomForestRFE,RF-8-4,0.4861111111111111
RandomForestRFE,RF-9-4,0.5277777777777778
RandomForestRFE,RF-10-4,0.6111111111111112
RandomForestRFE,RF-11-4,0.5416666666666666
RandomForestRFE,RF-12-4,0.4861111111111111
RandomForestRFE,RF-13-4,0.5416666666666666
RandomForestRFE,RF-14-4,0.4444444444444444
RandomForestRFE,RF-15-4,0.4583333333333333
RandomForestRFE,RF-16-4,0.4444444444444444
RandomForestRFE,RF-17-4,0.4583333333333333
RandomForestRFE,RF-18-4,0.4444444444444444
RandomForestRFE,RF-19-4,0.4444444444444444
RandomForestRFE,RF-20-4,0.49999999999999994
RandomForestRFE,RF-21-4,0.4444444444444444
RandomForestRFE,RF-22-4,0.625
RandomForestRFE,RF-23-4,0.5277777777777778
RandomForestRFE,RF-24-4,0.5555555555555555
RandomForestRFE,RF-25-4,0.5277777777777778
RandomForestRFE,RF-26-4,0.49999999999999994
RandomForestRFE,RF-27-4,0.5416666666666666
RandomForestRFE,RF-28-4,0.5972222222222222
RandomForestRFE,RF-29-4,0.6666666666666666
RandomForestRFE,RF-30-4,0.49999999999999994
RandomForestRFE,RF-31-4,0.6388888888888888
RandomForestRFE,RF-32-4,0.5416666666666666
RandomForestRFE,RF-33-4,0.5833333333333333
RandomForestRFE,RF-34-4,0.625
RandomForestRFE,RF-35-4,0.5555555555555555
RandomForestRFE,RF-36-4,0.49999999999999994
RandomForestRFE,RF-37-4,0.6666666666666666
RandomForestRFE,RF-38-4,0.6666666666666666
RandomForestRFE,RF-39-4,0.625
RandomForestRFE,RF-40-4,0.49999999999999994
RandomForestRFE,RF-41-4,0.5416666666666666
RandomForestRFE,RF-42-4,0.5277777777777778
RandomForestRFE,RF-43-4,0.5972222222222222
RandomForestRFE,RF-44-4,0.49999999999999994
RandomForestRFE,RF-45-4,0.5833333333333333
RandomForestRFE,RF-46-4,0.7083333333333333
RandomForestRFE,RF-47-4,0.6666666666666666
RandomForestRFE,RF-48-4,0.47222222222222215
RandomForestRFE,RF-49-4,0.5833333333333333
RandomForestRFE,RF-50-4,0.5833333333333333
RandomForestRFE,RF-51-4,0.5833333333333333
RandomForestRFE,RF-52-4,0.5555555555555555
RandomForestRFE,RF-53-4,0.6666666666666666
RandomForestRFE,RF-54-4,0.6388888888888888
RandomForestRFE,RF-55-4,0.6111111111111112
RandomForestRFE,RF-56-4,0.625
RandomForestRFE,RF-57-4,0.5833333333333333
RandomForestRFE,RF-58-4,0.5277777777777778
RandomForestRFE,RF-59-4,0.6666666666666666
RandomForestRFE,RF-60-4,0.5833333333333333
RandomForestRFE,RF-61-4,0.5833333333333333
RandomForestRFE,RF-62-4,0.625
RandomForestRFE,RF-63-4,0.5833333333333333
RandomForestRFE,RF-64-4,0.736111111111111
RandomForestRFE,RF-65-4,0.6666666666666666
RandomForestRFE,RF-66-4,0.5555555555555555
RandomForestRFE,RF-67-4,0.5833333333333333
RandomForestRFE,RF-68-4,0.5555555555555555
RandomForestRFE,RF-69-4,0.6388888888888888
RandomForestRFE,RF-70-4,0.5555555555555555
RandomForestRFE,RF-71-4,0.5555555555555555
RandomForestRFE,RF-72-4,0.611111111111111
RandomForestRFE,RF-73-4,0.5833333333333333
RandomForestRFE,RF-74-4,0.6666666666666666
RandomForestRFE,RF-75-4,0.611111111111111
RandomForestRFE,RF-76-4,0.6388888888888888
RandomForestRFE,RF-77-4,0.625
RandomForestRFE,RF-78-4,0.6388888888888888
RandomForestRFE,RF-79-4,0.7083333333333333
RandomForestRFE,RF-80-4,0.625
RandomForestRFE,RF-81-4,0.5833333333333333
RandomForestRFE,RF-82-4,0.49999999999999994
RandomForestRFE,RF-83-4,0.5833333333333333
RandomForestRFE,RF-84-4,0.625
RandomForestRFE,RF-85-4,0.7638888888888888
RandomForestRFE,RF-86-4,0.6666666666666666
RandomForestRFE,RF-87-4,0.7083333333333333
RandomForestRFE,RF-88-4,0.5555555555555556
RandomForestRFE,RF-89-4,0.5555555555555556
RandomForestRFE,RF-90-4,0.625
RandomForestRFE,RF-91-4,0.6944444444444444
RandomForestRFE,RF-92-4,0.6388888888888888
RandomForestRFE,RF-93-4,0.5972222222222222
RandomForestRFE,RF-94-4,0.6666666666666666
RandomForestRFE,RF-95-4,0.49999999999999994
RandomForestRFE,RF-96-4,0.611111111111111
RandomForestRFE,RF-97-4,0.7083333333333333
RandomForestRFE,RF-98-4,0.6527777777777778
RandomForestRFE,RF-99-4,0.611111111111111
RandomForestRFE,RF-100-4,0.6388888888888888
RandomForestRFE,RF-101-4,0.5833333333333333
RandomForestRFE,RF-102-4,0.7083333333333333
RandomForestRFE,RF-103-4,0.4722222222222222
RandomForestRFE,RF-104-4,0.6805555555555555
RandomForestRFE,RF-105-4,0.6666666666666666
RandomForestRFE,RF-106-4,0.4166666666666667
RandomForestRFE,RF-107-4,0.6111111111111112
RandomForestRFE,RF-108-4,0.5555555555555555
RandomForestRFE,RF-109-4,0.5555555555555556
RandomForestRFE,RF-110-4,0.6388888888888888
RandomForestRFE,RF-111-4,0.5555555555555556
RandomForestRFE,RF-112-4,0.5833333333333333
RandomForestRFE,RF-113-4,0.7083333333333333
RandomForestRFE,RF-114-4,0.6666666666666666
RandomForestRFE,RF-115-4,0.5555555555555555
RandomForestRFE,RF-116-4,0.6666666666666666
RandomForestRFE,RF-117-4,0.5416666666666666
RandomForestRFE,RF-118-4,0.5972222222222222
RandomForestRFE,RF-119-4,0.7083333333333333
RandomForestRFE,RF-120-4,0.6111111111111112
RandomForestRFE,RF-121-4,0.625
RandomForestRFE,RF-122-4,0.5972222222222222
RandomForestRFE,RF-123-4,0.5833333333333333
RandomForestRFE,RF-124-4,0.5972222222222222
RandomForestRFE,RF-125-4,0.625
RandomForestRFE,RF-126-4,0.5972222222222222
RandomForestRFE,RF-127-4,0.6388888888888888
RandomForestRFE,RF-128-4,0.5972222222222222
RandomForestRFE,RF-129-4,0.6527777777777778
RandomForestRFE,RF-130-4,0.5555555555555555
RandomForestRFE,RF-131-4,0.6388888888888888
RandomForestRFE,RF-132-4,0.6666666666666666
RandomForestRFE,RF-133-4,0.49999999999999994
RandomForestRFE,RF-134-4,0.5416666666666666
RandomForestRFE,RF-135-4,0.6388888888888888
RandomForestRFE,RF-136-4,0.5833333333333333
RandomForestRFE,RF-137-4,0.5555555555555555
RandomForestRFE,RF-138-4,0.5833333333333333
RandomForestRFE,RF-139-4,0.5833333333333334
RandomForestRFE,RF-140-4,0.611111111111111
RandomForestRFE,RF-141-4,0.625
RandomForestRFE,RF-142-4,0.6388888888888888
RandomForestRFE,RF-143-4,0.5277777777777778
RandomForestRFE,RF-144-4,0.6388888888888888
RandomForestRFE,RF-145-4,0.6805555555555555
RandomForestRFE,RF-146-4,0.5972222222222222
RandomForestRFE,RF-147-4,0.6805555555555555
RandomForestRFE,RF-148-4,0.4444444444444444
RandomForestRFE,RF-149-4,0.6388888888888888
RandomForestRFE,RF-150-4,0.49999999999999994
RandomForestRFE,RF-151-4,0.625
RandomForestRFE,RF-152-4,0.5555555555555555
RandomForestRFE,RF-153-4,0.4722222222222222
RandomForestRFE,RF-154-4,0.5277777777777778
RandomForestRFE,RF-155-4,0.5416666666666666
RandomForestRFE,RF-156-4,0.5833333333333333
RandomForestRFE,RF-157-4,0.4444444444444444
RandomForestRFE,RF-158-4,0.47222222222222215
RandomForestRFE,RF-159-4,0.5555555555555555
RandomForestRFE,RF-160-4,0.5972222222222222
RandomForestRFE,RF-161-4,0.5833333333333333
RandomForestRFE,RF-162-4,0.4722222222222222
RandomForestRFE,RF-163-4,0.6527777777777778
RandomForestRFE,RF-164-4,0.4444444444444444
RandomForestRFE,RF-165-4,0.5277777777777778
RandomForestRFE,RF-166-4,0.5277777777777778
RandomForestRFE,RF-167-4,0.625
RandomForestRFE,RF-168-4,0.5833333333333333
RandomForestRFE,RF-169-4,0.4861111111111111
RandomForestRFE,RF-170-4,0.5694444444444444
RandomForestRFE,RF-171-4,0.5555555555555555
RandomForestRFE,RF-172-4,0.5555555555555556
RandomForestRFE,RF-173-4,0.6666666666666666
RandomForestRFE,RF-174-4,0.5138888888888888
RandomForestRFE,RF-175-4,0.49999999999999994
RandomForestRFE,RF-176-4,0.6944444444444444
RandomForestRFE,RF-177-4,0.5833333333333333
RandomForestRFE,RF-178-4,0.47222222222222215
RandomForestRFE,RF-1-5,0.375
RandomForestRFE,RF-2-5,0.3472222222222222
RandomForestRFE,RF-3-5,0.38888888888888884
RandomForestRFE,RF-4-5,0.4861111111111111
RandomForestRFE,RF-5-5,0.41666666666666663
RandomForestRFE,RF-6-5,0.41666666666666663
RandomForestRFE,RF-7-5,0.4444444444444444
RandomForestRFE,RF-8-5,0.5555555555555555
RandomForestRFE,RF-9-5,0.5
RandomForestRFE,RF-10-5,0.5
RandomForestRFE,RF-11-5,0.4166666666666667
RandomForestRFE,RF-12-5,0.5
RandomForestRFE,RF-13-5,0.5277777777777778
RandomForestRFE,RF-14-5,0.513888888888889
RandomForestRFE,RF-15-5,0.4861111111111111
RandomForestRFE,RF-16-5,0.5
RandomForestRFE,RF-17-5,0.4861111111111111
RandomForestRFE,RF-18-5,0.5
RandomForestRFE,RF-19-5,0.5
RandomForestRFE,RF-20-5,0.4722222222222222
RandomForestRFE,RF-21-5,0.49999999999999994
RandomForestRFE,RF-22-5,0.4305555555555556
RandomForestRFE,RF-23-5,0.5694444444444444
RandomForestRFE,RF-24-5,0.4861111111111111
RandomForestRFE,RF-25-5,0.5277777777777778
RandomForestRFE,RF-26-5,0.5694444444444444
RandomForestRFE,RF-27-5,0.513888888888889
RandomForestRFE,RF-28-5,0.5
RandomForestRFE,RF-29-5,0.4305555555555556
RandomForestRFE,RF-30-5,0.5
RandomForestRFE,RF-31-5,0.625
RandomForestRFE,RF-32-5,0.5694444444444444
RandomForestRFE,RF-33-5,0.49999999999999994
RandomForestRFE,RF-34-5,0.5555555555555556
RandomForestRFE,RF-35-5,0.5416666666666667
RandomForestRFE,RF-36-5,0.5277777777777778
RandomForestRFE,RF-37-5,0.5694444444444444
RandomForestRFE,RF-38-5,0.5972222222222222
RandomForestRFE,RF-39-5,0.5277777777777778
RandomForestRFE,RF-40-5,0.5555555555555556
RandomForestRFE,RF-41-5,0.5
RandomForestRFE,RF-42-5,0.513888888888889
RandomForestRFE,RF-43-5,0.6388888888888888
RandomForestRFE,RF-44-5,0.5555555555555556
RandomForestRFE,RF-45-5,0.5277777777777778
RandomForestRFE,RF-46-5,0.5277777777777778
RandomForestRFE,RF-47-5,0.4861111111111111
RandomForestRFE,RF-48-5,0.5277777777777778
RandomForestRFE,RF-49-5,0.4444444444444444
RandomForestRFE,RF-50-5,0.6388888888888888
RandomForestRFE,RF-51-5,0.513888888888889
RandomForestRFE,RF-52-5,0.513888888888889
RandomForestRFE,RF-53-5,0.5833333333333333
RandomForestRFE,RF-54-5,0.5277777777777778
RandomForestRFE,RF-55-5,0.5694444444444444
RandomForestRFE,RF-56-5,0.5555555555555556
RandomForestRFE,RF-57-5,0.513888888888889
RandomForestRFE,RF-58-5,0.49999999999999994
RandomForestRFE,RF-59-5,0.49999999999999994
RandomForestRFE,RF-60-5,0.5416666666666666
RandomForestRFE,RF-61-5,0.49999999999999994
RandomForestRFE,RF-62-5,0.5555555555555556
RandomForestRFE,RF-63-5,0.5277777777777778
RandomForestRFE,RF-64-5,0.5277777777777778
RandomForestRFE,RF-65-5,0.5694444444444444
RandomForestRFE,RF-66-5,0.6111111111111112
RandomForestRFE,RF-67-5,0.4722222222222222
RandomForestRFE,RF-68-5,0.5555555555555556
RandomForestRFE,RF-69-5,0.611111111111111
RandomForestRFE,RF-70-5,0.5416666666666666
RandomForestRFE,RF-71-5,0.5416666666666666
RandomForestRFE,RF-72-5,0.5416666666666666
RandomForestRFE,RF-73-5,0.49999999999999994
RandomForestRFE,RF-74-5,0.49999999999999994
RandomForestRFE,RF-75-5,0.5
RandomForestRFE,RF-76-5,0.49999999999999994
RandomForestRFE,RF-77-5,0.5833333333333333
RandomForestRFE,RF-78-5,0.5555555555555555
RandomForestRFE,RF-79-5,0.625
RandomForestRFE,RF-80-5,0.6527777777777778
RandomForestRFE,RF-81-5,0.5694444444444444
RandomForestRFE,RF-82-5,0.4861111111111111
RandomForestRFE,RF-83-5,0.6111111111111112
RandomForestRFE,RF-84-5,0.41666666666666663
RandomForestRFE,RF-85-5,0.5972222222222222
RandomForestRFE,RF-86-5,0.5
RandomForestRFE,RF-87-5,0.5555555555555556
RandomForestRFE,RF-88-5,0.5833333333333334
RandomForestRFE,RF-89-5,0.5972222222222222
RandomForestRFE,RF-90-5,0.49999999999999994
RandomForestRFE,RF-91-5,0.41666666666666663
RandomForestRFE,RF-92-5,0.5555555555555555
RandomForestRFE,RF-93-5,0.5555555555555556
RandomForestRFE,RF-94-5,0.4583333333333333
RandomForestRFE,RF-95-5,0.5277777777777778
RandomForestRFE,RF-96-5,0.625
RandomForestRFE,RF-97-5,0.5277777777777778
RandomForestRFE,RF-98-5,0.4583333333333333
RandomForestRFE,RF-99-5,0.3888888888888889
RandomForestRFE,RF-100-5,0.5694444444444444
RandomForestRFE,RF-101-5,0.49999999999999994
RandomForestRFE,RF-102-5,0.5
RandomForestRFE,RF-103-5,0.5972222222222222
RandomForestRFE,RF-104-5,0.4861111111111111
RandomForestRFE,RF-105-5,0.37500000000000006
RandomForestRFE,RF-106-5,0.5277777777777778
RandomForestRFE,RF-107-5,0.625
RandomForestRFE,RF-108-5,0.49999999999999994
RandomForestRFE,RF-109-5,0.49999999999999994
RandomForestRFE,RF-110-5,0.4861111111111111
RandomForestRFE,RF-111-5,0.34722222222222227
RandomForestRFE,RF-112-5,0.4722222222222222
RandomForestRFE,RF-113-5,0.4444444444444444
RandomForestRFE,RF-114-5,0.6666666666666666
RandomForestRFE,RF-115-5,0.4027777777777778
RandomForestRFE,RF-116-5,0.4027777777777778
RandomForestRFE,RF-117-5,0.4722222222222222
RandomForestRFE,RF-118-5,0.5972222222222222
RandomForestRFE,RF-119-5,0.5138888888888888
RandomForestRFE,RF-120-5,0.5277777777777778
RandomForestRFE,RF-121-5,0.4722222222222222
RandomForestRFE,RF-122-5,0.5277777777777778
RandomForestRFE,RF-123-5,0.4305555555555555
RandomForestRFE,RF-124-5,0.5277777777777778
RandomForestRFE,RF-125-5,0.49999999999999994
RandomForestRFE,RF-126-5,0.4861111111111111
RandomForestRFE,RF-127-5,0.49999999999999994
RandomForestRFE,RF-128-5,0.5694444444444444
RandomForestRFE,RF-129-5,0.375
RandomForestRFE,RF-130-5,0.49999999999999994
RandomForestRFE,RF-131-5,0.5555555555555555
RandomForestRFE,RF-132-5,0.4444444444444444
RandomForestRFE,RF-133-5,0.5277777777777778
RandomForestRFE,RF-134-5,0.5972222222222222
RandomForestRFE,RF-135-5,0.49999999999999994
RandomForestRFE,RF-136-5,0.5277777777777778
RandomForestRFE,RF-137-5,0.513888888888889
RandomForestRFE,RF-138-5,0.4722222222222222
RandomForestRFE,RF-139-5,0.625
RandomForestRFE,RF-140-5,0.513888888888889
RandomForestRFE,RF-141-5,0.5416666666666666
RandomForestRFE,RF-142-5,0.4583333333333333
RandomForestRFE,RF-143-5,0.4861111111111111
RandomForestRFE,RF-144-5,0.513888888888889
RandomForestRFE,RF-145-5,0.513888888888889
RandomForestRFE,RF-146-5,0.4444444444444444
RandomForestRFE,RF-147-5,0.4305555555555556
RandomForestRFE,RF-148-5,0.4861111111111111
RandomForestRFE,RF-149-5,0.41666666666666663
RandomForestRFE,RF-150-5,0.3888888888888889
RandomForestRFE,RF-151-5,0.5
RandomForestRFE,RF-152-5,0.5555555555555555
RandomForestRFE,RF-153-5,0.6666666666666666
RandomForestRFE,RF-154-5,0.5416666666666666
RandomForestRFE,RF-155-5,0.5416666666666666
RandomForestRFE,RF-156-5,0.3888888888888889
RandomForestRFE,RF-157-5,0.3194444444444445
RandomForestRFE,RF-158-5,0.4583333333333333
RandomForestRFE,RF-159-5,0.49999999999999994
RandomForestRFE,RF-160-5,0.49999999999999994
RandomForestRFE,RF-161-5,0.4583333333333333
RandomForestRFE,RF-162-5,0.4861111111111111
RandomForestRFE,RF-163-5,0.3611111111111111
RandomForestRFE,RF-164-5,0.49999999999999994
RandomForestRFE,RF-165-5,0.5555555555555555
RandomForestRFE,RF-166-5,0.4583333333333333
RandomForestRFE,RF-167-5,0.513888888888889
RandomForestRFE,RF-168-5,0.4583333333333333
RandomForestRFE,RF-169-5,0.47222222222222215
RandomForestRFE,RF-170-5,0.5416666666666666
RandomForestRFE,RF-171-5,0.5833333333333333
RandomForestRFE,RF-172-5,0.41666666666666663
RandomForestRFE,RF-173-5,0.4861111111111111
RandomForestRFE,RF-174-5,0.4861111111111111
RandomForestRFE,RF-175-5,0.5277777777777778
RandomForestRFE,RF-176-5,0.5277777777777778
RandomForestRFE,RF-177-5,0.5555555555555555
RandomForestRFE,RF-178-5,0.47222222222222215
RandomForestRFE,RF-1-6,0.3298611111111111
RandomForestRFE,RF-2-6,0.5590277777777778
RandomForestRFE,RF-3-6,0.6770833333333333
RandomForestRFE,RF-4-6,0.5694444444444444
RandomForestRFE,RF-5-6,0.7013888888888888
RandomForestRFE,RF-6-6,0.5555555555555556
RandomForestRFE,RF-7-6,0.5868055555555556
RandomForestRFE,RF-8-6,0.5034722222222222
RandomForestRFE,RF-9-6,0.6180555555555556
RandomForestRFE,RF-10-6,0.6180555555555556
RandomForestRFE,RF-11-6,0.6180555555555556
RandomForestRFE,RF-12-6,0.5347222222222222
RandomForestRFE,RF-13-6,0.6180555555555556
RandomForestRFE,RF-14-6,0.6180555555555556
RandomForestRFE,RF-15-6,0.6180555555555556
RandomForestRFE,RF-16-6,0.5868055555555556
RandomForestRFE,RF-17-6,0.5868055555555556
RandomForestRFE,RF-18-6,0.5868055555555556
RandomForestRFE,RF-19-6,0.6180555555555556
RandomForestRFE,RF-20-6,0.6180555555555556
RandomForestRFE,RF-21-6,0.6180555555555556
RandomForestRFE,RF-22-6,0.5868055555555556
RandomForestRFE,RF-23-6,0.5868055555555556
RandomForestRFE,RF-24-6,0.6180555555555556
RandomForestRFE,RF-25-6,0.6180555555555556
RandomForestRFE,RF-26-6,0.5763888888888888
RandomForestRFE,RF-27-6,0.5451388888888888
RandomForestRFE,RF-28-6,0.5763888888888888
RandomForestRFE,RF-29-6,0.5763888888888888
RandomForestRFE,RF-30-6,0.5451388888888888
RandomForestRFE,RF-31-6,0.4930555555555555
RandomForestRFE,RF-32-6,0.6180555555555556
RandomForestRFE,RF-33-6,0.5763888888888888
RandomForestRFE,RF-34-6,0.5347222222222222
RandomForestRFE,RF-35-6,0.4930555555555555
RandomForestRFE,RF-36-6,0.5763888888888888
RandomForestRFE,RF-37-6,0.5763888888888888
RandomForestRFE,RF-38-6,0.5347222222222222
RandomForestRFE,RF-39-6,0.5451388888888888
RandomForestRFE,RF-40-6,0.5763888888888888
RandomForestRFE,RF-41-6,0.5763888888888888
RandomForestRFE,RF-42-6,0.5034722222222222
RandomForestRFE,RF-43-6,0.5347222222222222
RandomForestRFE,RF-44-6,0.4930555555555555
RandomForestRFE,RF-45-6,0.5763888888888888
RandomForestRFE,RF-46-6,0.4618055555555555
RandomForestRFE,RF-47-6,0.5034722222222222
RandomForestRFE,RF-48-6,0.4305555555555555
RandomForestRFE,RF-49-6,0.5868055555555556
RandomForestRFE,RF-50-6,0.4930555555555555
RandomForestRFE,RF-51-6,0.5763888888888888
RandomForestRFE,RF-52-6,0.4618055555555555
RandomForestRFE,RF-53-6,0.6180555555555556
RandomForestRFE,RF-54-6,0.5555555555555556
RandomForestRFE,RF-55-6,0.4722222222222222
RandomForestRFE,RF-56-6,0.5659722222222222
RandomForestRFE,RF-57-6,0.5451388888888888
RandomForestRFE,RF-58-6,0.4618055555555555
RandomForestRFE,RF-59-6,0.4930555555555555
RandomForestRFE,RF-60-6,0.4618055555555555
RandomForestRFE,RF-61-6,0.6180555555555556
RandomForestRFE,RF-62-6,0.5069444444444444
RandomForestRFE,RF-63-6,0.5034722222222222
RandomForestRFE,RF-64-6,0.5034722222222222
RandomForestRFE,RF-65-6,0.548611111111111
RandomForestRFE,RF-66-6,0.6180555555555556
RandomForestRFE,RF-67-6,0.5763888888888888
RandomForestRFE,RF-68-6,0.4618055555555555
RandomForestRFE,RF-69-6,0.5451388888888888
RandomForestRFE,RF-70-6,0.5763888888888888
RandomForestRFE,RF-71-6,0.5451388888888888
RandomForestRFE,RF-72-6,0.5763888888888888
RandomForestRFE,RF-73-6,0.4618055555555555
RandomForestRFE,RF-74-6,0.4930555555555555
RandomForestRFE,RF-75-6,0.43402777777777773
RandomForestRFE,RF-76-6,0.5868055555555556
RandomForestRFE,RF-77-6,0.5138888888888888
RandomForestRFE,RF-78-6,0.4895833333333333
RandomForestRFE,RF-79-6,0.5763888888888888
RandomForestRFE,RF-80-6,0.5763888888888888
RandomForestRFE,RF-81-6,0.4305555555555555
RandomForestRFE,RF-82-6,0.4618055555555555
RandomForestRFE,RF-83-6,0.5138888888888888
RandomForestRFE,RF-84-6,0.4930555555555555
RandomForestRFE,RF-85-6,0.517361111111111
RandomForestRFE,RF-86-6,0.4930555555555555
RandomForestRFE,RF-87-6,0.5451388888888888
RandomForestRFE,RF-88-6,0.4930555555555555
RandomForestRFE,RF-89-6,0.517361111111111
RandomForestRFE,RF-90-6,0.4618055555555555
RandomForestRFE,RF-91-6,0.5451388888888888
RandomForestRFE,RF-92-6,0.4305555555555555
RandomForestRFE,RF-93-6,0.4305555555555555
RandomForestRFE,RF-94-6,0.5763888888888888
RandomForestRFE,RF-95-6,0.5763888888888888
RandomForestRFE,RF-96-6,0.4618055555555555
RandomForestRFE,RF-97-6,0.5451388888888888
RandomForestRFE,RF-98-6,0.5138888888888888
RandomForestRFE,RF-99-6,0.4618055555555555
RandomForestRFE,RF-100-6,0.5451388888888888
RandomForestRFE,RF-101-6,0.4618055555555555
RandomForestRFE,RF-102-6,0.5451388888888888
RandomForestRFE,RF-103-6,0.5138888888888888
RandomForestRFE,RF-104-6,0.4722222222222222
RandomForestRFE,RF-105-6,0.5451388888888888
RandomForestRFE,RF-106-6,0.5138888888888888
RandomForestRFE,RF-107-6,0.5451388888888888
RandomForestRFE,RF-108-6,0.5451388888888888
RandomForestRFE,RF-109-6,0.5555555555555556
RandomForestRFE,RF-110-6,0.5451388888888888
RandomForestRFE,RF-111-6,0.4722222222222222
RandomForestRFE,RF-112-6,0.5451388888888888
RandomForestRFE,RF-113-6,0.5034722222222222
RandomForestRFE,RF-114-6,0.6284722222222222
RandomForestRFE,RF-115-6,0.5763888888888888
RandomForestRFE,RF-116-6,0.4618055555555555
RandomForestRFE,RF-117-6,0.5451388888888888
RandomForestRFE,RF-118-6,0.517361111111111
RandomForestRFE,RF-119-6,0.5451388888888888
RandomForestRFE,RF-120-6,0.6041666666666667
RandomForestRFE,RF-121-6,0.5868055555555556
RandomForestRFE,RF-122-6,0.5868055555555556
RandomForestRFE,RF-123-6,0.4618055555555555
RandomForestRFE,RF-124-6,0.6180555555555556
RandomForestRFE,RF-125-6,0.4722222222222222
RandomForestRFE,RF-126-6,0.4618055555555555
RandomForestRFE,RF-127-6,0.5763888888888888
RandomForestRFE,RF-128-6,0.6284722222222222
RandomForestRFE,RF-129-6,0.5451388888888888
RandomForestRFE,RF-130-6,0.6284722222222222
RandomForestRFE,RF-131-6,0.5763888888888888
RandomForestRFE,RF-132-6,0.5138888888888888
RandomForestRFE,RF-133-6,0.517361111111111
RandomForestRFE,RF-134-6,0.5451388888888888
RandomForestRFE,RF-135-6,0.4305555555555555
RandomForestRFE,RF-136-6,0.4618055555555555
RandomForestRFE,RF-137-6,0.5451388888888888
RandomForestRFE,RF-138-6,0.5555555555555556
RandomForestRFE,RF-139-6,0.5763888888888888
RandomForestRFE,RF-140-6,0.5451388888888888
RandomForestRFE,RF-141-6,0.4618055555555555
RandomForestRFE,RF-142-6,0.4618055555555555
RandomForestRFE,RF-143-6,0.5451388888888888
RandomForestRFE,RF-144-6,0.5034722222222222
RandomForestRFE,RF-145-6,0.6284722222222222
RandomForestRFE,RF-146-6,0.5138888888888888
RandomForestRFE,RF-147-6,0.5868055555555556
RandomForestRFE,RF-148-6,0.5451388888888888
RandomForestRFE,RF-149-6,0.4930555555555555
RandomForestRFE,RF-150-6,0.5868055555555556
RandomForestRFE,RF-151-6,0.5034722222222222
RandomForestRFE,RF-152-6,0.5451388888888888
RandomForestRFE,RF-153-6,0.6388888888888888
RandomForestRFE,RF-154-6,0.5451388888888888
RandomForestRFE,RF-155-6,0.5451388888888888
RandomForestRFE,RF-156-6,0.5451388888888888
RandomForestRFE,RF-157-6,0.5451388888888888
RandomForestRFE,RF-158-6,0.5868055555555556
RandomForestRFE,RF-159-6,0.5868055555555556
RandomForestRFE,RF-160-6,0.4930555555555555
RandomForestRFE,RF-161-6,0.5763888888888888
RandomForestRFE,RF-162-6,0.5451388888888888
RandomForestRFE,RF-163-6,0.4895833333333333
RandomForestRFE,RF-164-6,0.4756944444444444
RandomForestRFE,RF-165-6,0.5451388888888888
RandomForestRFE,RF-166-6,0.6388888888888888
RandomForestRFE,RF-167-6,0.6701388888888888
RandomForestRFE,RF-168-6,0.5868055555555556
RandomForestRFE,RF-169-6,0.5451388888888888
RandomForestRFE,RF-170-6,0.5138888888888888
RandomForestRFE,RF-171-6,0.5451388888888888
RandomForestRFE,RF-172-6,0.6284722222222222
RandomForestRFE,RF-173-6,0.5451388888888888
RandomForestRFE,RF-174-6,0.5451388888888888
RandomForestRFE,RF-175-6,0.5868055555555556
RandomForestRFE,RF-176-6,0.5868055555555556
RandomForestRFE,RF-177-6,0.5555555555555556
RandomForestRFE,RF-178-6,0.5138888888888888
RandomForestRFE,RF-1-7,0.3263888888888889
RandomForestRFE,RF-2-7,0.3472222222222222
RandomForestRFE,RF-3-7,0.40277777777777773
RandomForestRFE,RF-4-7,0.375
RandomForestRFE,RF-5-7,0.4444444444444444
RandomForestRFE,RF-6-7,0.5729166666666666
RandomForestRFE,RF-7-7,0.4756944444444444
RandomForestRFE,RF-8-7,0.43402777777777773
RandomForestRFE,RF-9-7,0.43402777777777773
RandomForestRFE,RF-10-7,0.40277777777777773
RandomForestRFE,RF-11-7,0.4756944444444444
RandomForestRFE,RF-12-7,0.40277777777777773
RandomForestRFE,RF-13-7,0.43402777777777773
RandomForestRFE,RF-14-7,0.40624999999999994
RandomForestRFE,RF-15-7,0.43402777777777773
RandomForestRFE,RF-16-7,0.4756944444444444
RandomForestRFE,RF-17-7,0.5590277777777778
RandomForestRFE,RF-18-7,0.43402777777777773
RandomForestRFE,RF-19-7,0.43402777777777773
RandomForestRFE,RF-20-7,0.43402777777777773
RandomForestRFE,RF-21-7,0.4756944444444444
RandomForestRFE,RF-22-7,0.43402777777777773
RandomForestRFE,RF-23-7,0.43402777777777773
RandomForestRFE,RF-24-7,0.3923611111111111
RandomForestRFE,RF-25-7,0.43402777777777773
RandomForestRFE,RF-26-7,0.40624999999999994
RandomForestRFE,RF-27-7,0.43402777777777773
RandomForestRFE,RF-28-7,0.5069444444444444
RandomForestRFE,RF-29-7,0.43749999999999994
RandomForestRFE,RF-30-7,0.4236111111111111
RandomForestRFE,RF-31-7,0.43749999999999994
RandomForestRFE,RF-32-7,0.43402777777777773
RandomForestRFE,RF-33-7,0.3958333333333333
RandomForestRFE,RF-34-7,0.4236111111111111
RandomForestRFE,RF-35-7,0.3923611111111111
RandomForestRFE,RF-36-7,0.4236111111111111
RandomForestRFE,RF-37-7,0.3923611111111111
RandomForestRFE,RF-38-7,0.43749999999999994
RandomForestRFE,RF-39-7,0.3958333333333333
RandomForestRFE,RF-40-7,0.4236111111111111
RandomForestRFE,RF-41-7,0.4236111111111111
RandomForestRFE,RF-42-7,0.43402777777777773
RandomForestRFE,RF-43-7,0.4236111111111111
RandomForestRFE,RF-44-7,0.3958333333333333
RandomForestRFE,RF-45-7,0.4513888888888889
RandomForestRFE,RF-46-7,0.3333333333333333
RandomForestRFE,RF-47-7,0.3923611111111111
RandomForestRFE,RF-48-7,0.4236111111111111
RandomForestRFE,RF-49-7,0.4236111111111111
RandomForestRFE,RF-50-7,0.4618055555555555
RandomForestRFE,RF-51-7,0.4201388888888889
RandomForestRFE,RF-52-7,0.46527777777777773
RandomForestRFE,RF-53-7,0.43402777777777773
RandomForestRFE,RF-54-7,0.43402777777777773
RandomForestRFE,RF-55-7,0.46527777777777773
RandomForestRFE,RF-56-7,0.43402777777777773
RandomForestRFE,RF-57-7,0.4756944444444444
RandomForestRFE,RF-58-7,0.3923611111111111
RandomForestRFE,RF-59-7,0.4201388888888889
RandomForestRFE,RF-60-7,0.4756944444444444
RandomForestRFE,RF-61-7,0.43402777777777773
RandomForestRFE,RF-62-7,0.46527777777777773
RandomForestRFE,RF-63-7,0.43402777777777773
RandomForestRFE,RF-64-7,0.43402777777777773
RandomForestRFE,RF-65-7,0.4201388888888889
RandomForestRFE,RF-66-7,0.4201388888888889
RandomForestRFE,RF-67-7,0.46527777777777773
RandomForestRFE,RF-68-7,0.548611111111111
RandomForestRFE,RF-69-7,0.4201388888888889
RandomForestRFE,RF-70-7,0.5243055555555556
RandomForestRFE,RF-71-7,0.4236111111111111
RandomForestRFE,RF-72-7,0.43402777777777773
RandomForestRFE,RF-73-7,0.3923611111111111
RandomForestRFE,RF-74-7,0.3923611111111111
RandomForestRFE,RF-75-7,0.46527777777777773
RandomForestRFE,RF-76-7,0.4236111111111111
RandomForestRFE,RF-77-7,0.43402777777777773
RandomForestRFE,RF-78-7,0.4930555555555555
RandomForestRFE,RF-79-7,0.46527777777777773
RandomForestRFE,RF-80-7,0.5069444444444444
RandomForestRFE,RF-81-7,0.4756944444444444
RandomForestRFE,RF-82-7,0.46527777777777773
RandomForestRFE,RF-83-7,0.5069444444444444
RandomForestRFE,RF-84-7,0.4236111111111111
RandomForestRFE,RF-85-7,0.3923611111111111
RandomForestRFE,RF-86-7,0.46527777777777773
RandomForestRFE,RF-87-7,0.3923611111111111
RandomForestRFE,RF-88-7,0.5625
RandomForestRFE,RF-89-7,0.5069444444444444
RandomForestRFE,RF-90-7,0.5069444444444444
RandomForestRFE,RF-91-7,0.3923611111111111
RandomForestRFE,RF-92-7,0.3923611111111111
RandomForestRFE,RF-93-7,0.4236111111111111
RandomForestRFE,RF-94-7,0.4756944444444444
RandomForestRFE,RF-95-7,0.5069444444444444
RandomForestRFE,RF-96-7,0.3923611111111111
RandomForestRFE,RF-97-7,0.4201388888888889
RandomForestRFE,RF-98-7,0.46527777777777773
RandomForestRFE,RF-99-7,0.3611111111111111
RandomForestRFE,RF-100-7,0.4513888888888889
RandomForestRFE,RF-101-7,0.4756944444444444
RandomForestRFE,RF-102-7,0.3923611111111111
RandomForestRFE,RF-103-7,0.5069444444444444
RandomForestRFE,RF-104-7,0.4236111111111111
RandomForestRFE,RF-105-7,0.40277777777777773
RandomForestRFE,RF-106-7,0.4236111111111111
RandomForestRFE,RF-107-7,0.4236111111111111
RandomForestRFE,RF-108-7,0.43402777777777773
RandomForestRFE,RF-109-7,0.3923611111111111
RandomForestRFE,RF-110-7,0.4236111111111111
RandomForestRFE,RF-111-7,0.43402777777777773
RandomForestRFE,RF-112-7,0.4236111111111111
RandomForestRFE,RF-113-7,0.3923611111111111
RandomForestRFE,RF-114-7,0.4756944444444444
RandomForestRFE,RF-115-7,0.4236111111111111
RandomForestRFE,RF-116-7,0.4236111111111111
RandomForestRFE,RF-117-7,0.5069444444444444
RandomForestRFE,RF-118-7,0.4756944444444444
RandomForestRFE,RF-119-7,0.3923611111111111
RandomForestRFE,RF-120-7,0.4236111111111111
RandomForestRFE,RF-121-7,0.5763888888888888
RandomForestRFE,RF-122-7,0.4236111111111111
RandomForestRFE,RF-123-7,0.3958333333333333
RandomForestRFE,RF-124-7,0.47916666666666663
RandomForestRFE,RF-125-7,0.40277777777777773
RandomForestRFE,RF-126-7,0.43402777777777773
RandomForestRFE,RF-127-7,0.4618055555555555
RandomForestRFE,RF-128-7,0.3923611111111111
RandomForestRFE,RF-129-7,0.3923611111111111
RandomForestRFE,RF-130-7,0.3611111111111111
RandomForestRFE,RF-131-7,0.40277777777777773
RandomForestRFE,RF-132-7,0.3923611111111111
RandomForestRFE,RF-133-7,0.3923611111111111
RandomForestRFE,RF-134-7,0.3923611111111111
RandomForestRFE,RF-135-7,0.4236111111111111
RandomForestRFE,RF-136-7,0.46527777777777773
RandomForestRFE,RF-137-7,0.4236111111111111
RandomForestRFE,RF-138-7,0.46527777777777773
RandomForestRFE,RF-139-7,0.3958333333333333
RandomForestRFE,RF-140-7,0.46527777777777773
RandomForestRFE,RF-141-7,0.3611111111111111
RandomForestRFE,RF-142-7,0.4236111111111111
RandomForestRFE,RF-143-7,0.46527777777777773
RandomForestRFE,RF-144-7,0.4236111111111111
RandomForestRFE,RF-145-7,0.3923611111111111
RandomForestRFE,RF-146-7,0.4236111111111111
RandomForestRFE,RF-147-7,0.3923611111111111
RandomForestRFE,RF-148-7,0.3958333333333333
RandomForestRFE,RF-149-7,0.4236111111111111
RandomForestRFE,RF-150-7,0.3923611111111111
RandomForestRFE,RF-151-7,0.4236111111111111
RandomForestRFE,RF-152-7,0.4930555555555555
RandomForestRFE,RF-153-7,0.4756944444444444
RandomForestRFE,RF-154-7,0.4201388888888889
RandomForestRFE,RF-155-7,0.43402777777777773
RandomForestRFE,RF-156-7,0.43402777777777773
RandomForestRFE,RF-157-7,0.4236111111111111
RandomForestRFE,RF-158-7,0.4236111111111111
RandomForestRFE,RF-159-7,0.4618055555555555
RandomForestRFE,RF-160-7,0.43402777777777773
RandomForestRFE,RF-161-7,0.5069444444444444
RandomForestRFE,RF-162-7,0.5069444444444444
RandomForestRFE,RF-163-7,0.4236111111111111
RandomForestRFE,RF-164-7,0.3923611111111111
RandomForestRFE,RF-165-7,0.4236111111111111
RandomForestRFE,RF-166-7,0.37499999999999994
RandomForestRFE,RF-167-7,0.46527777777777773
RandomForestRFE,RF-168-7,0.43402777777777773
RandomForestRFE,RF-169-7,0.5069444444444444
RandomForestRFE,RF-170-7,0.4236111111111111
RandomForestRFE,RF-171-7,0.3923611111111111
RandomForestRFE,RF-172-7,0.3958333333333333
RandomForestRFE,RF-173-7,0.3611111111111111
RandomForestRFE,RF-174-7,0.4236111111111111
RandomForestRFE,RF-175-7,0.4236111111111111
RandomForestRFE,RF-176-7,0.4236111111111111
RandomForestRFE,RF-177-7,0.4756944444444444
RandomForestRFE,RF-178-7,0.43402777777777773
RandomForestRFE,RF-1-8,0.4340277777777778
RandomForestRFE,RF-2-8,0.29166666666666663
RandomForestRFE,RF-3-8,0.41666666666666663
RandomForestRFE,RF-4-8,0.45486111111111105
RandomForestRFE,RF-5-8,0.41666666666666663
RandomForestRFE,RF-6-8,0.45486111111111105
RandomForestRFE,RF-7-8,0.5138888888888888
RandomForestRFE,RF-8-8,0.5138888888888888
RandomForestRFE,RF-9-8,0.4305555555555555
RandomForestRFE,RF-10-8,0.4930555555555555
RandomForestRFE,RF-11-8,0.4513888888888889
RandomForestRFE,RF-12-8,0.4513888888888889
RandomForestRFE,RF-13-8,0.4513888888888889
RandomForestRFE,RF-14-8,0.4201388888888889
RandomForestRFE,RF-15-8,0.4201388888888889
RandomForestRFE,RF-16-8,0.5034722222222222
RandomForestRFE,RF-17-8,0.4618055555555555
RandomForestRFE,RF-18-8,0.5034722222222222
RandomForestRFE,RF-19-8,0.4201388888888889
RandomForestRFE,RF-20-8,0.5034722222222222
RandomForestRFE,RF-21-8,0.4930555555555555
RandomForestRFE,RF-22-8,0.5659722222222222
RandomForestRFE,RF-23-8,0.5763888888888888
RandomForestRFE,RF-24-8,0.4201388888888889
RandomForestRFE,RF-25-8,0.5034722222222222
RandomForestRFE,RF-26-8,0.4722222222222222
RandomForestRFE,RF-27-8,0.5347222222222222
RandomForestRFE,RF-28-8,0.5347222222222222
RandomForestRFE,RF-29-8,0.53125
RandomForestRFE,RF-30-8,0.4756944444444444
RandomForestRFE,RF-31-8,0.4930555555555555
RandomForestRFE,RF-32-8,0.4756944444444444
RandomForestRFE,RF-33-8,0.59375
RandomForestRFE,RF-34-8,0.5729166666666666
RandomForestRFE,RF-35-8,0.4756944444444444
RandomForestRFE,RF-36-8,0.5034722222222222
RandomForestRFE,RF-37-8,0.5729166666666666
RandomForestRFE,RF-38-8,0.4895833333333333
RandomForestRFE,RF-39-8,0.5451388888888888
RandomForestRFE,RF-40-8,0.5451388888888888
RandomForestRFE,RF-41-8,0.5625
RandomForestRFE,RF-42-8,0.5763888888888888
RandomForestRFE,RF-43-8,0.5625
RandomForestRFE,RF-44-8,0.59375
RandomForestRFE,RF-45-8,0.5034722222222222
RandomForestRFE,RF-46-8,0.6041666666666666
RandomForestRFE,RF-47-8,0.5729166666666666
RandomForestRFE,RF-48-8,0.53125
RandomForestRFE,RF-49-8,0.5451388888888888
RandomForestRFE,RF-50-8,0.5625
RandomForestRFE,RF-51-8,0.5729166666666666
RandomForestRFE,RF-52-8,0.6041666666666666
RandomForestRFE,RF-53-8,0.5763888888888888
RandomForestRFE,RF-54-8,0.5729166666666666
RandomForestRFE,RF-55-8,0.5625
RandomForestRFE,RF-56-8,0.4722222222222222
RandomForestRFE,RF-57-8,0.5763888888888888
RandomForestRFE,RF-58-8,0.5034722222222222
RandomForestRFE,RF-59-8,0.6041666666666666
RandomForestRFE,RF-60-8,0.5451388888888888
RandomForestRFE,RF-61-8,0.5625
RandomForestRFE,RF-62-8,0.5451388888888888
RandomForestRFE,RF-63-8,0.5729166666666666
RandomForestRFE,RF-64-8,0.5416666666666666
RandomForestRFE,RF-65-8,0.5729166666666666
RandomForestRFE,RF-66-8,0.53125
RandomForestRFE,RF-67-8,0.5625
RandomForestRFE,RF-68-8,0.5763888888888888
RandomForestRFE,RF-69-8,0.5034722222222222
RandomForestRFE,RF-70-8,0.5763888888888888
RandomForestRFE,RF-71-8,0.5347222222222222
RandomForestRFE,RF-72-8,0.5347222222222222
RandomForestRFE,RF-73-8,0.5625
RandomForestRFE,RF-74-8,0.6354166666666666
RandomForestRFE,RF-75-8,0.53125
RandomForestRFE,RF-76-8,0.53125
RandomForestRFE,RF-77-8,0.6041666666666666
RandomForestRFE,RF-78-8,0.6354166666666666
RandomForestRFE,RF-79-8,0.5625
RandomForestRFE,RF-80-8,0.5625
RandomForestRFE,RF-81-8,0.6041666666666666
RandomForestRFE,RF-82-8,0.5208333333333334
RandomForestRFE,RF-83-8,0.4930555555555555
RandomForestRFE,RF-84-8,0.5520833333333334
RandomForestRFE,RF-85-8,0.59375
RandomForestRFE,RF-86-8,0.5625
RandomForestRFE,RF-87-8,0.5347222222222222
RandomForestRFE,RF-88-8,0.53125
RandomForestRFE,RF-89-8,0.5451388888888888
RandomForestRFE,RF-90-8,0.53125
RandomForestRFE,RF-91-8,0.5625
RandomForestRFE,RF-92-8,0.6041666666666666
RandomForestRFE,RF-93-8,0.5729166666666666
RandomForestRFE,RF-94-8,0.6041666666666666
RandomForestRFE,RF-95-8,0.5208333333333334
RandomForestRFE,RF-96-8,0.5625
RandomForestRFE,RF-97-8,0.5208333333333334
RandomForestRFE,RF-98-8,0.59375
RandomForestRFE,RF-99-8,0.6354166666666666
RandomForestRFE,RF-100-8,0.5208333333333334
RandomForestRFE,RF-101-8,0.5625
RandomForestRFE,RF-102-8,0.5763888888888888
RandomForestRFE,RF-103-8,0.4618055555555555
RandomForestRFE,RF-104-8,0.6041666666666666
RandomForestRFE,RF-105-8,0.5659722222222222
RandomForestRFE,RF-106-8,0.6354166666666666
RandomForestRFE,RF-107-8,0.6041666666666666
RandomForestRFE,RF-108-8,0.5451388888888888
RandomForestRFE,RF-109-8,0.6041666666666666
RandomForestRFE,RF-110-8,0.5347222222222222
RandomForestRFE,RF-111-8,0.5625
RandomForestRFE,RF-112-8,0.5625
RandomForestRFE,RF-113-8,0.5729166666666666
RandomForestRFE,RF-114-8,0.5729166666666666
RandomForestRFE,RF-115-8,0.5208333333333334
RandomForestRFE,RF-116-8,0.5625
RandomForestRFE,RF-117-8,0.5625
RandomForestRFE,RF-118-8,0.53125
RandomForestRFE,RF-119-8,0.53125
RandomForestRFE,RF-120-8,0.4895833333333333
RandomForestRFE,RF-121-8,0.5763888888888888
RandomForestRFE,RF-122-8,0.59375
RandomForestRFE,RF-123-8,0.6041666666666666
RandomForestRFE,RF-124-8,0.6041666666666666
RandomForestRFE,RF-125-8,0.4930555555555555
RandomForestRFE,RF-126-8,0.53125
RandomForestRFE,RF-127-8,0.5034722222222222
RandomForestRFE,RF-128-8,0.5347222222222222
RandomForestRFE,RF-129-8,0.59375
RandomForestRFE,RF-130-8,0.5659722222222222
RandomForestRFE,RF-131-8,0.5763888888888888
RandomForestRFE,RF-132-8,0.5625
RandomForestRFE,RF-133-8,0.6041666666666666
RandomForestRFE,RF-134-8,0.5625
RandomForestRFE,RF-135-8,0.5625
RandomForestRFE,RF-136-8,0.5729166666666666
RandomForestRFE,RF-137-8,0.5347222222222222
RandomForestRFE,RF-138-8,0.59375
RandomForestRFE,RF-139-8,0.6041666666666666
RandomForestRFE,RF-140-8,0.5625
RandomForestRFE,RF-141-8,0.5763888888888888
RandomForestRFE,RF-142-8,0.53125
RandomForestRFE,RF-143-8,0.6041666666666666
RandomForestRFE,RF-144-8,0.4930555555555555
RandomForestRFE,RF-145-8,0.5763888888888888
RandomForestRFE,RF-146-8,0.6041666666666666
RandomForestRFE,RF-147-8,0.6041666666666666
RandomForestRFE,RF-148-8,0.5208333333333334
RandomForestRFE,RF-149-8,0.6041666666666666
RandomForestRFE,RF-150-8,0.5625
RandomForestRFE,RF-151-8,0.5208333333333334
RandomForestRFE,RF-152-8,0.5208333333333334
RandomForestRFE,RF-153-8,0.5729166666666666
RandomForestRFE,RF-154-8,0.5347222222222222
RandomForestRFE,RF-155-8,0.5347222222222222
RandomForestRFE,RF-156-8,0.4895833333333333
RandomForestRFE,RF-157-8,0.5625
RandomForestRFE,RF-158-8,0.6041666666666666
RandomForestRFE,RF-159-8,0.5347222222222222
RandomForestRFE,RF-160-8,0.6041666666666666
RandomForestRFE,RF-161-8,0.5208333333333334
RandomForestRFE,RF-162-8,0.6041666666666666
RandomForestRFE,RF-163-8,0.5625
RandomForestRFE,RF-164-8,0.4895833333333333
RandomForestRFE,RF-165-8,0.6041666666666666
RandomForestRFE,RF-166-8,0.5729166666666666
RandomForestRFE,RF-167-8,0.5208333333333334
RandomForestRFE,RF-168-8,0.6041666666666666
RandomForestRFE,RF-169-8,0.5625
RandomForestRFE,RF-170-8,0.5520833333333334
RandomForestRFE,RF-171-8,0.5625
RandomForestRFE,RF-172-8,0.5625
RandomForestRFE,RF-173-8,0.5208333333333334
RandomForestRFE,RF-174-8,0.5625
RandomForestRFE,RF-175-8,0.5625
RandomForestRFE,RF-176-8,0.6354166666666666
RandomForestRFE,RF-177-8,0.5347222222222222
RandomForestRFE,RF-178-8,0.5625
RandomForestRFE,RF-1-9,0.251984126984127
RandomForestRFE,RF-2-9,0.6478174603174603
RandomForestRFE,RF-3-9,0.6155753968253967
RandomForestRFE,RF-4-9,0.3343253968253968
RandomForestRFE,RF-5-9,0.31101190476190477
RandomForestRFE,RF-6-9,0.40922619047619047
RandomForestRFE,RF-7-9,0.40922619047619047
RandomForestRFE,RF-8-9,0.6592261904761905
RandomForestRFE,RF-9-9,0.40922619047619047
RandomForestRFE,RF-10-9,0.37351190476190477
RandomForestRFE,RF-11-9,0.4548611111111111
RandomForestRFE,RF-12-9,0.49503968253968256
RandomForestRFE,RF-13-9,0.597718253968254
RandomForestRFE,RF-14-9,0.5942460317460317
RandomForestRFE,RF-15-9,0.6334325396825397
RandomForestRFE,RF-16-9,0.5620039682539683
RandomForestRFE,RF-17-9,0.5084325396825397
RandomForestRFE,RF-18-9,0.5441468253968254
RandomForestRFE,RF-19-9,0.5004960317460317
RandomForestRFE,RF-20-9,0.6254960317460317
RandomForestRFE,RF-21-9,0.48065476190476186
RandomForestRFE,RF-22-9,0.5084325396825397
RandomForestRFE,RF-23-9,0.6334325396825397
RandomForestRFE,RF-24-9,0.7504960317460317
RandomForestRFE,RF-25-9,0.5084325396825397
RandomForestRFE,RF-26-9,0.5084325396825397
RandomForestRFE,RF-27-9,0.46924603174603174
RandomForestRFE,RF-28-9,0.5362103174603174
RandomForestRFE,RF-29-9,0.5084325396825397
RandomForestRFE,RF-30-9,0.47271825396825395
RandomForestRFE,RF-31-9,0.6334325396825397
RandomForestRFE,RF-32-9,0.5699404761904762
RandomForestRFE,RF-33-9,0.597718253968254
RandomForestRFE,RF-34-9,0.5620039682539683
RandomForestRFE,RF-35-9,0.47271825396825395
RandomForestRFE,RF-36-9,0.5004960317460317
RandomForestRFE,RF-37-9,0.47271825396825395
RandomForestRFE,RF-38-9,0.5004960317460317
RandomForestRFE,RF-39-9,0.5084325396825397
RandomForestRFE,RF-40-9,0.47271825396825395
RandomForestRFE,RF-41-9,0.5362103174603174
RandomForestRFE,RF-42-9,0.5084325396825397
RandomForestRFE,RF-43-9,0.47271825396825395
RandomForestRFE,RF-44-9,0.5362103174603174
RandomForestRFE,RF-45-9,0.47271825396825395
RandomForestRFE,RF-46-9,0.597718253968254
RandomForestRFE,RF-47-9,0.5084325396825397
RandomForestRFE,RF-48-9,0.5699404761904762
RandomForestRFE,RF-49-9,0.44146825396825395
RandomForestRFE,RF-50-9,0.48065476190476186
RandomForestRFE,RF-51-9,0.44494047619047616
RandomForestRFE,RF-52-9,0.6334325396825397
RandomForestRFE,RF-53-9,0.44494047619047616
RandomForestRFE,RF-54-9,0.6612103174603174
RandomForestRFE,RF-55-9,0.5362103174603174
RandomForestRFE,RF-56-9,0.597718253968254
RandomForestRFE,RF-57-9,0.566468253968254
RandomForestRFE,RF-58-9,0.48065476190476186
RandomForestRFE,RF-59-9,0.6334325396825397
RandomForestRFE,RF-60-9,0.6334325396825397
RandomForestRFE,RF-61-9,0.589781746031746
RandomForestRFE,RF-62-9,0.6334325396825397
RandomForestRFE,RF-63-9,0.597718253968254
RandomForestRFE,RF-64-9,0.5084325396825397
RandomForestRFE,RF-65-9,0.5084325396825397
RandomForestRFE,RF-66-9,0.597718253968254
RandomForestRFE,RF-67-9,0.6021825396825397
RandomForestRFE,RF-68-9,0.597718253968254
RandomForestRFE,RF-69-9,0.691468253968254
RandomForestRFE,RF-70-9,0.47271825396825395
RandomForestRFE,RF-71-9,0.6334325396825397
RandomForestRFE,RF-72-9,0.5639880952380952
RandomForestRFE,RF-73-9,0.5084325396825397
RandomForestRFE,RF-74-9,0.47271825396825395
RandomForestRFE,RF-75-9,0.47371031746031744
RandomForestRFE,RF-76-9,0.6612103174603174
RandomForestRFE,RF-77-9,0.6334325396825397
RandomForestRFE,RF-78-9,0.589781746031746
RandomForestRFE,RF-79-9,0.6021825396825397
RandomForestRFE,RF-80-9,0.47271825396825395
RandomForestRFE,RF-81-9,0.5084325396825397
RandomForestRFE,RF-82-9,0.5084325396825397
RandomForestRFE,RF-83-9,0.5362103174603174
RandomForestRFE,RF-84-9,0.6334325396825397
RandomForestRFE,RF-85-9,0.5362103174603174
RandomForestRFE,RF-86-9,0.6334325396825397
RandomForestRFE,RF-87-9,0.597718253968254
RandomForestRFE,RF-88-9,0.6612103174603174
RandomForestRFE,RF-89-9,0.597718253968254
RandomForestRFE,RF-90-9,0.5362103174603174
RandomForestRFE,RF-91-9,0.597718253968254
RandomForestRFE,RF-92-9,0.597718253968254
RandomForestRFE,RF-93-9,0.6612103174603174
RandomForestRFE,RF-94-9,0.46478174603174605
RandomForestRFE,RF-95-9,0.6577380952380952
RandomForestRFE,RF-96-9,0.5049603174603174
RandomForestRFE,RF-97-9,0.5362103174603174
RandomForestRFE,RF-98-9,0.5084325396825397
RandomForestRFE,RF-99-9,0.6334325396825397
RandomForestRFE,RF-100-9,0.5084325396825397
RandomForestRFE,RF-101-9,0.47271825396825395
RandomForestRFE,RF-102-9,0.7504960317460317
RandomForestRFE,RF-103-9,0.7192460317460317
RandomForestRFE,RF-104-9,0.5049603174603174
RandomForestRFE,RF-105-9,0.44146825396825395
RandomForestRFE,RF-106-9,0.6334325396825397
RandomForestRFE,RF-107-9,0.5362103174603174
RandomForestRFE,RF-108-9,0.5049603174603174
RandomForestRFE,RF-109-9,0.7504960317460317
RandomForestRFE,RF-110-9,0.6612103174603174
RandomForestRFE,RF-111-9,0.47271825396825395
RandomForestRFE,RF-112-9,0.5084325396825397
RandomForestRFE,RF-113-9,0.46924603174603174
RandomForestRFE,RF-114-9,0.589781746031746
RandomForestRFE,RF-115-9,0.597718253968254
RandomForestRFE,RF-116-9,0.5084325396825397
RandomForestRFE,RF-117-9,0.44146825396825395
RandomForestRFE,RF-118-9,0.44146825396825395
RandomForestRFE,RF-119-9,0.47271825396825395
RandomForestRFE,RF-120-9,0.597718253968254
RandomForestRFE,RF-121-9,0.47718253968253965
RandomForestRFE,RF-122-9,0.47271825396825395
RandomForestRFE,RF-123-9,0.46924603174603174
RandomForestRFE,RF-124-9,0.47271825396825395
RandomForestRFE,RF-125-9,0.47371031746031744
RandomForestRFE,RF-126-9,0.43700396825396826
RandomForestRFE,RF-127-9,0.5004960317460317
RandomForestRFE,RF-128-9,0.7549603174603174
RandomForestRFE,RF-129-9,0.4970238095238095
RandomForestRFE,RF-130-9,0.47271825396825395
RandomForestRFE,RF-131-9,0.47271825396825395
RandomForestRFE,RF-132-9,0.47718253968253965
RandomForestRFE,RF-133-9,0.46478174603174605
RandomForestRFE,RF-134-9,0.6254960317460317
RandomForestRFE,RF-135-9,0.44146825396825395
RandomForestRFE,RF-136-9,0.722718253968254
RandomForestRFE,RF-137-9,0.5084325396825397
RandomForestRFE,RF-138-9,0.47718253968253965
RandomForestRFE,RF-139-9,0.5004960317460317
RandomForestRFE,RF-140-9,0.7862103174603174
RandomForestRFE,RF-141-9,0.7782738095238095
RandomForestRFE,RF-142-9,0.47271825396825395
RandomForestRFE,RF-143-9,0.597718253968254
RandomForestRFE,RF-144-9,0.6299603174603174
RandomForestRFE,RF-145-9,0.5362103174603174
RandomForestRFE,RF-146-9,0.5084325396825397
RandomForestRFE,RF-147-9,0.5004960317460317
RandomForestRFE,RF-148-9,0.6334325396825397
RandomForestRFE,RF-149-9,0.44146825396825395
RandomForestRFE,RF-150-9,0.47271825396825395
RandomForestRFE,RF-151-9,0.47271825396825395
RandomForestRFE,RF-152-9,0.597718253968254
RandomForestRFE,RF-153-9,0.5049603174603174
RandomForestRFE,RF-154-9,0.47271825396825395
RandomForestRFE,RF-155-9,0.6334325396825397
RandomForestRFE,RF-156-9,0.5362103174603174
RandomForestRFE,RF-157-9,0.5084325396825397
RandomForestRFE,RF-158-9,0.5362103174603174
RandomForestRFE,RF-159-9,0.5084325396825397
RandomForestRFE,RF-160-9,0.566468253968254
RandomForestRFE,RF-161-9,0.47718253968253965
RandomForestRFE,RF-162-9,0.566468253968254
RandomForestRFE,RF-163-9,0.5362103174603174
RandomForestRFE,RF-164-9,0.6021825396825397
RandomForestRFE,RF-165-9,0.47271825396825395
RandomForestRFE,RF-166-9,0.46478174603174605
RandomForestRFE,RF-167-9,0.5362103174603174
RandomForestRFE,RF-168-9,0.5620039682539683
RandomForestRFE,RF-169-9,0.44146825396825395
RandomForestRFE,RF-170-9,0.5307539682539683
RandomForestRFE,RF-171-9,0.5709325396825397
RandomForestRFE,RF-172-9,0.7504960317460317
RandomForestRFE,RF-173-9,0.46478174603174605
RandomForestRFE,RF-174-9,0.47718253968253965
RandomForestRFE,RF-175-9,0.5084325396825397
RandomForestRFE,RF-176-9,0.5620039682539683
RandomForestRFE,RF-177-9,0.5004960317460317
RandomForestRFE,RF-178-9,0.46478174603174605
RandomForestRFE,RF-1-10,0.3298611111111111
RandomForestRFE,RF-2-10,0.44791666666666663
RandomForestRFE,RF-3-10,0.3819444444444444
RandomForestRFE,RF-4-10,0.47916666666666663
RandomForestRFE,RF-5-10,0.44791666666666663
RandomForestRFE,RF-6-10,0.576388888888889
RandomForestRFE,RF-7-10,0.5034722222222222
RandomForestRFE,RF-8-10,0.5347222222222222
RandomForestRFE,RF-9-10,0.4513888888888889
RandomForestRFE,RF-10-10,0.5034722222222222
RandomForestRFE,RF-11-10,0.53125
RandomForestRFE,RF-12-10,0.5034722222222222
RandomForestRFE,RF-13-10,0.41666666666666663
RandomForestRFE,RF-14-10,0.5034722222222222
RandomForestRFE,RF-15-10,0.45833333333333326
RandomForestRFE,RF-16-10,0.48958333333333326
RandomForestRFE,RF-17-10,0.6006944444444444
RandomForestRFE,RF-18-10,0.6006944444444444
RandomForestRFE,RF-19-10,0.48958333333333326
RandomForestRFE,RF-20-10,0.48958333333333326
RandomForestRFE,RF-21-10,0.6319444444444444
RandomForestRFE,RF-22-10,0.5208333333333333
RandomForestRFE,RF-23-10,0.6354166666666666
RandomForestRFE,RF-24-10,0.6041666666666666
RandomForestRFE,RF-25-10,0.6354166666666666
RandomForestRFE,RF-26-10,0.48958333333333326
RandomForestRFE,RF-27-10,0.548611111111111
RandomForestRFE,RF-28-10,0.548611111111111
RandomForestRFE,RF-29-10,0.5069444444444444
RandomForestRFE,RF-30-10,0.548611111111111
RandomForestRFE,RF-31-10,0.5625
RandomForestRFE,RF-32-10,0.5208333333333333
RandomForestRFE,RF-33-10,0.5833333333333333
RandomForestRFE,RF-34-10,0.48958333333333326
RandomForestRFE,RF-35-10,0.5520833333333333
RandomForestRFE,RF-36-10,0.5520833333333333
RandomForestRFE,RF-37-10,0.5625
RandomForestRFE,RF-38-10,0.5520833333333333
RandomForestRFE,RF-39-10,0.517361111111111
RandomForestRFE,RF-40-10,0.6041666666666666
RandomForestRFE,RF-41-10,0.548611111111111
RandomForestRFE,RF-42-10,0.6631944444444444
RandomForestRFE,RF-43-10,0.579861111111111
RandomForestRFE,RF-44-10,0.576388888888889
RandomForestRFE,RF-45-10,0.6631944444444444
RandomForestRFE,RF-46-10,0.6354166666666666
RandomForestRFE,RF-47-10,0.5520833333333333
RandomForestRFE,RF-48-10,0.517361111111111
RandomForestRFE,RF-49-10,0.4930555555555556
RandomForestRFE,RF-50-10,0.4618055555555556
RandomForestRFE,RF-51-10,0.576388888888889
RandomForestRFE,RF-52-10,0.607638888888889
RandomForestRFE,RF-53-10,0.47916666666666663
RandomForestRFE,RF-54-10,0.47916666666666663
RandomForestRFE,RF-55-10,0.4618055555555556
RandomForestRFE,RF-56-10,0.4652777777777778
RandomForestRFE,RF-57-10,0.48958333333333326
RandomForestRFE,RF-58-10,0.4097222222222222
RandomForestRFE,RF-59-10,0.47916666666666663
RandomForestRFE,RF-60-10,0.6319444444444444
RandomForestRFE,RF-61-10,0.4826388888888889
RandomForestRFE,RF-62-10,0.4513888888888889
RandomForestRFE,RF-63-10,0.5520833333333333
RandomForestRFE,RF-64-10,0.47916666666666663
RandomForestRFE,RF-65-10,0.5243055555555556
RandomForestRFE,RF-66-10,0.5208333333333333
RandomForestRFE,RF-67-10,0.4513888888888889
RandomForestRFE,RF-68-10,0.6215277777777778
RandomForestRFE,RF-69-10,0.5069444444444444
RandomForestRFE,RF-70-10,0.4513888888888889
RandomForestRFE,RF-71-10,0.5520833333333333
RandomForestRFE,RF-72-10,0.44791666666666663
RandomForestRFE,RF-73-10,0.53125
RandomForestRFE,RF-74-10,0.4513888888888889
RandomForestRFE,RF-75-10,0.5208333333333333
RandomForestRFE,RF-76-10,0.4618055555555556
RandomForestRFE,RF-77-10,0.5104166666666666
RandomForestRFE,RF-78-10,0.4513888888888889
RandomForestRFE,RF-79-10,0.5208333333333333
RandomForestRFE,RF-80-10,0.45833333333333326
RandomForestRFE,RF-81-10,0.5347222222222222
RandomForestRFE,RF-82-10,0.6631944444444444
RandomForestRFE,RF-83-10,0.48958333333333326
RandomForestRFE,RF-84-10,0.4930555555555556
RandomForestRFE,RF-85-10,0.6354166666666666
RandomForestRFE,RF-86-10,0.45833333333333326
RandomForestRFE,RF-87-10,0.6041666666666666
RandomForestRFE,RF-88-10,0.4930555555555556
RandomForestRFE,RF-89-10,0.48958333333333326
RandomForestRFE,RF-90-10,0.6076388888888888
RandomForestRFE,RF-91-10,0.4930555555555556
RandomForestRFE,RF-92-10,0.5729166666666666
RandomForestRFE,RF-93-10,0.4930555555555556
RandomForestRFE,RF-94-10,0.4930555555555556
RandomForestRFE,RF-95-10,0.44791666666666663
RandomForestRFE,RF-96-10,0.5416666666666666
RandomForestRFE,RF-97-10,0.517361111111111
RandomForestRFE,RF-98-10,0.6041666666666666
RandomForestRFE,RF-99-10,0.5208333333333333
RandomForestRFE,RF-100-10,0.5208333333333333
RandomForestRFE,RF-101-10,0.517361111111111
RandomForestRFE,RF-102-10,0.545138888888889
RandomForestRFE,RF-103-10,0.5381944444444444
RandomForestRFE,RF-104-10,0.576388888888889
RandomForestRFE,RF-105-10,0.5069444444444444
RandomForestRFE,RF-106-10,0.517361111111111
RandomForestRFE,RF-107-10,0.44791666666666663
RandomForestRFE,RF-108-10,0.47916666666666663
RandomForestRFE,RF-109-10,0.5034722222222222
RandomForestRFE,RF-110-10,0.4513888888888889
RandomForestRFE,RF-111-10,0.517361111111111
RandomForestRFE,RF-112-10,0.48958333333333326
RandomForestRFE,RF-113-10,0.44791666666666663
RandomForestRFE,RF-114-10,0.4618055555555555
RandomForestRFE,RF-115-10,0.45833333333333326
RandomForestRFE,RF-116-10,0.3888888888888889
RandomForestRFE,RF-117-10,0.4201388888888889
RandomForestRFE,RF-118-10,0.48958333333333326
RandomForestRFE,RF-119-10,0.5347222222222222
RandomForestRFE,RF-120-10,0.48958333333333326
RandomForestRFE,RF-121-10,0.47916666666666663
RandomForestRFE,RF-122-10,0.45833333333333326
RandomForestRFE,RF-123-10,0.40624999999999994
RandomForestRFE,RF-124-10,0.4756944444444444
RandomForestRFE,RF-125-10,0.48958333333333326
RandomForestRFE,RF-126-10,0.41666666666666663
RandomForestRFE,RF-127-10,0.45833333333333326
RandomForestRFE,RF-128-10,0.607638888888889
RandomForestRFE,RF-129-10,0.47916666666666663
RandomForestRFE,RF-130-10,0.48958333333333326
RandomForestRFE,RF-131-10,0.4444444444444444
RandomForestRFE,RF-132-10,0.40624999999999994
RandomForestRFE,RF-133-10,0.45833333333333326
RandomForestRFE,RF-134-10,0.5208333333333333
RandomForestRFE,RF-135-10,0.5902777777777778
RandomForestRFE,RF-136-10,0.6354166666666666
RandomForestRFE,RF-137-10,0.548611111111111
RandomForestRFE,RF-138-10,0.4756944444444444
RandomForestRFE,RF-139-10,0.5868055555555556
RandomForestRFE,RF-140-10,0.5208333333333333
RandomForestRFE,RF-141-10,0.44791666666666663
RandomForestRFE,RF-142-10,0.47916666666666663
RandomForestRFE,RF-143-10,0.45833333333333326
RandomForestRFE,RF-144-10,0.48958333333333326
RandomForestRFE,RF-145-10,0.48958333333333326
RandomForestRFE,RF-146-10,0.548611111111111
RandomForestRFE,RF-147-10,0.44791666666666663
RandomForestRFE,RF-148-10,0.5520833333333333
RandomForestRFE,RF-149-10,0.548611111111111
RandomForestRFE,RF-150-10,0.4444444444444444
RandomForestRFE,RF-151-10,0.48958333333333326
RandomForestRFE,RF-152-10,0.49999999999999994
RandomForestRFE,RF-153-10,0.41666666666666663
RandomForestRFE,RF-154-10,0.53125
RandomForestRFE,RF-155-10,0.4756944444444444
RandomForestRFE,RF-156-10,0.4618055555555556
RandomForestRFE,RF-157-10,0.5763888888888888
RandomForestRFE,RF-158-10,0.4930555555555556
RandomForestRFE,RF-159-10,0.4826388888888889
RandomForestRFE,RF-160-10,0.44791666666666663
RandomForestRFE,RF-161-10,0.44791666666666663
RandomForestRFE,RF-162-10,0.48958333333333326
RandomForestRFE,RF-163-10,0.41666666666666663
RandomForestRFE,RF-164-10,0.4444444444444444
RandomForestRFE,RF-165-10,0.44791666666666663
RandomForestRFE,RF-166-10,0.4618055555555556
RandomForestRFE,RF-167-10,0.4027777777777778
RandomForestRFE,RF-168-10,0.4444444444444444
RandomForestRFE,RF-169-10,0.513888888888889
RandomForestRFE,RF-170-10,0.5208333333333333
RandomForestRFE,RF-171-10,0.4756944444444444
RandomForestRFE,RF-172-10,0.3888888888888889
RandomForestRFE,RF-173-10,0.44791666666666663
RandomForestRFE,RF-174-10,0.5208333333333333
RandomForestRFE,RF-175-10,0.4618055555555555
RandomForestRFE,RF-176-10,0.517361111111111
RandomForestRFE,RF-177-10,0.3888888888888889
RandomForestRFE,RF-178-10,0.4444444444444444
