model_type,id,precision_macro,precision_micro,precision_weighted,recall_macro,recall_micro,recall_weighted,accuracy,balanced_accuracy,f1_macro,f1_micro,f1_weighted,fbeta_2_macro,fbeta_3_macro,fbeta_4_macro,fbeta_2_micro,fbeta_3_micro,fbeta_4_micro,fbeta_2_weighted,fbeta_3_weighted,fbeta_4_weighted,cohen_kappa,matthew_coef,tp_CS,tp_PA,tp_PHT,tp_PPGL,fp_CS,fp_PA,fp_PHT,fp_PPGL,tn_CS,tn_PA,tn_PHT,tn_PPGL,fn_CS,fn_PA,fn_PHT,fn_PPGL
KNearestNeighbours,KNN-1-1,0.6284243697478992,0.5660377358490566,0.5977628032345013,0.6206008044243339,0.5660377358490566,0.5660377358490566,0.5660377358490566,0.6206008044243339,0.5800843593251254,0.5660377358490566,0.5403513753022051,0.598324481568114,0.6085178190793165,0.6132648960586352,0.5660377358490566,0.5660377358490566,0.5660377358490566,0.5504458142806713,0.557437769575798,0.5607864365575331,0.3852748361069087,0.39914967237842647,5.0,13.0,9.0,3.0,2.0,12.0,8.0,1.0,46.0,23.0,28.0,39.0,0.0,5.0,8.0,10.0
KNearestNeighbours,KNN-2-1,0.5568314726209462,0.5471698113207547,0.5478920285275797,0.5513323278029161,0.5471698113207547,0.5471698113207547,0.5471698113207547,0.5513323278029161,0.5527777777777777,0.5471698113207547,0.5461215932914045,0.5516146688560482,0.5514252260981912,0.5513753550189082,0.5471698113207547,0.5471698113207547,0.5471698113207547,0.5464262477925458,0.5467447345326898,0.5469069056266259,0.36208625877632894,0.36282066698454685,3.0,10.0,10.0,6.0,2.0,8.0,9.0,5.0,46.0,27.0,27.0,35.0,2.0,8.0,7.0,7.0
KNearestNeighbours,KNN-3-1,0.6018518518518519,0.6037735849056604,0.6184486373165617,0.5125439919557566,0.6037735849056604,0.6037735849056604,0.6037735849056604,0.5125439919557566,0.5179615705931495,0.6037735849056604,0.5798269258050787,0.5087462435096757,0.5097359670871812,0.5106746508973308,0.6037735849056604,0.6037735849056604,0.6037735849056604,0.588589286672233,0.5952600378335334,0.5985396019083413,0.42301710730948694,0.4402501173743601,1.0,14.0,13.0,4.0,1.0,13.0,5.0,2.0,47.0,22.0,31.0,38.0,4.0,4.0,4.0,9.0
KNearestNeighbours,KNN-4-1,0.4505148741418764,0.6037735849056604,0.550947713829282,0.48259175465057813,0.6037735849056604,0.6037735849056604,0.6037735849056604,0.48259175465057813,0.4616766819842112,0.6037735849056604,0.5714911373888144,0.47300850847920695,0.47758924461909263,0.4795971512910446,0.6037735849056604,0.6037735849056604,0.6037735849056604,0.5893563373036869,0.5963012865508435,0.5993129092970562,0.42540010325245226,0.43191494901680183,0.0,13.0,14.0,5.0,1.0,10.0,5.0,5.0,47.0,25.0,31.0,35.0,5.0,5.0,3.0,8.0
KNearestNeighbours,KNN-5-1,0.6261217948717949,0.6226415094339622,0.6530116110304789,0.5301407742584213,0.6226415094339622,0.6226415094339622,0.6226415094339622,0.5301407742584213,0.5404761904761906,0.6226415094339622,0.6053908355795149,0.5268163662771506,0.5271874732974451,0.5280804636290322,0.6226415094339622,0.6226415094339622,0.6226415094339622,0.6078091931773029,0.6137526420414698,0.6170365752188872,0.451913133402275,0.4777066197649462,1.0,16.0,11.0,5.0,1.0,14.0,2.0,3.0,47.0,21.0,34.0,37.0,4.0,2.0,6.0,8.0
KNearestNeighbours,KNN-6-1,0.4528342245989305,0.6037735849056604,0.5503945111492281,0.486299648064354,0.6037735849056604,0.6037735849056604,0.6037735849056604,0.486299648064354,0.4642612859097127,0.6037735849056604,0.5702062308029837,0.47593057841693387,0.48082386363636365,0.4830047910450451,0.6037735849056604,0.6037735849056604,0.6037735849056604,0.588305036077843,0.595654449601453,0.5988999146983849,0.4224182667358589,0.4319321793232913,0.0,14.0,12.0,6.0,0.0,11.0,5.0,5.0,48.0,24.0,31.0,35.0,5.0,4.0,5.0,7.0
KNearestNeighbours,KNN-7-1,0.4799421009098428,0.5849056603773585,0.5745899464706525,0.4707767722473605,0.5849056603773585,0.5849056603773585,0.5849056603773585,0.4707767722473605,0.45609152752009896,0.5849056603773585,0.5555594450473157,0.45931064227790835,0.4639505468208883,0.4664775879429588,0.5849056603773585,0.5849056603773586,0.5849056603773585,0.5659257716971603,0.5739825915395728,0.5781068809259682,0.39048614741244114,0.41763816388834596,0.0,15.0,10.0,6.0,0.0,16.0,3.0,3.0,48.0,19.0,33.0,37.0,5.0,3.0,7.0,7.0
KNearestNeighbours,KNN-8-1,0.5038461538461538,0.660377358490566,0.6113207547169811,0.5386500754147814,0.660377358490566,0.660377358490566,0.660377358490566,0.5386500754147814,0.5157647584973166,0.660377358490566,0.6284554629223343,0.5278680144845839,0.5329523417758713,0.5352206236839605,0.6603773584905659,0.660377358490566,0.660377358490566,0.645409101881168,0.652478487106678,0.6556256685772425,0.5069767441860465,0.5182155675134588,0.0,15.0,12.0,8.0,0.0,10.0,3.0,5.0,48.0,25.0,33.0,35.0,5.0,3.0,5.0,5.0
KNearestNeighbours,KNN-9-1,0.4285714285714286,0.5471698113207547,0.5215633423180593,0.43765711412770236,0.5471698113207547,0.5471698113207547,0.5471698113207547,0.43765711412770236,0.4221598877980365,0.5471698113207547,0.5203101431633544,0.42824547600314716,0.43233632196857835,0.43436960206208847,0.5471698113207547,0.5471698113207547,0.5471698113207547,0.5322224366491992,0.5388850726324564,0.5420880088615303,0.3416149068322981,0.35484609468860007,0.0,14.0,10.0,5.0,1.0,14.0,4.0,5.0,47.0,21.0,32.0,35.0,5.0,4.0,7.0,8.0
KNearestNeighbours,KNN-10-1,0.44780219780219777,0.5849056603773585,0.5440597138710346,0.4761186525892408,0.5849056603773585,0.5849056603773585,0.5849056603773585,0.4761186525892408,0.4549966162869389,0.5849056603773585,0.5551374979250816,0.465625837577057,0.4704861961837372,0.47270722907665585,0.5849056603773585,0.5849056603773586,0.5849056603773585,0.5702452172769705,0.5770546422209776,0.5801548529586025,0.39710444674250256,0.4082141485460544,0.0,14.0,10.0,7.0,0.0,12.0,4.0,6.0,48.0,23.0,32.0,34.0,5.0,4.0,7.0,6.0
KNearestNeighbours,KNN-11-1,0.458974358974359,0.5660377358490566,0.5523947750362845,0.45688788335847164,0.5660377358490566,0.5660377358490566,0.5660377358490566,0.45688788335847164,0.4429347826086957,0.5660377358490566,0.5399234345091605,0.4468573570407852,0.4510043125256933,0.4532022023207578,0.5660377358490566,0.5660377358490566,0.5660377358490566,0.5497564324077279,0.5567489837525708,0.5602758075045279,0.3644421272158499,0.38576534915358524,0.0,14.0,10.0,6.0,0.0,16.0,3.0,4.0,48.0,19.0,33.0,36.0,5.0,4.0,7.0,7.0
KNearestNeighbours,KNN-12-1,0.44936098384374246,0.5660377358490566,0.544480893212188,0.45688788335847164,0.5660377358490566,0.5660377358490566,0.5660377358490566,0.45688788335847164,0.4406028368794326,0.5660377358490566,0.5388063695972166,0.4466359334346133,0.45103598293698355,0.45325832406520816,0.5660377358490566,0.5660377358490566,0.5660377358490566,0.550180205202311,0.5571402100548792,0.5605536034214555,0.3660946437857514,0.3841002981912195,0.0,14.0,10.0,6.0,0.0,15.0,3.0,5.0,48.0,20.0,33.0,35.0,5.0,4.0,7.0,7.0
KNearestNeighbours,KNN-13-1,0.4557891705069125,0.5660377358490566,0.5467459351360752,0.45154600301659126,0.5660377358490566,0.5660377358490566,0.5660377358490566,0.45154600301659126,0.4333991661180602,0.5660377358490566,0.5316721941363277,0.43864452600836684,0.4440011169371102,0.44682428841911603,0.5660377358490566,0.5660377358490566,0.5660377358490566,0.5450814422963793,0.5541373212124973,0.5586669920599654,0.36144578313253006,0.3869829269824922,0.0,15.0,10.0,5.0,0.0,16.0,4.0,3.0,48.0,19.0,32.0,37.0,5.0,3.0,7.0,8.0
KNearestNeighbours,KNN-14-1,0.4381868131868132,0.5660377358490566,0.5309973045822103,0.46222976370035196,0.5660377358490566,0.5660377358490566,0.5660377358490566,0.46222976370035196,0.4436329799233024,0.5660377358490566,0.5397001051291982,0.4528707355362407,0.45718832384331176,0.45917219722952207,0.5660377358490566,0.5660377358490566,0.5660377358490566,0.552917531485673,0.5589896080981352,0.561767639883251,0.3697001034126163,0.38004312006566265,0.0,13.0,10.0,7.0,0.0,13.0,4.0,6.0,48.0,22.0,32.0,34.0,5.0,5.0,7.0,6.0
KNearestNeighbours,KNN-15-1,0.4743303571428572,0.5660377358490566,0.5635107816711591,0.45154600301659126,0.5660377358490566,0.5660377358490566,0.5660377358490566,0.45154600301659126,0.43629032258064515,0.5660377358490566,0.5333536214242239,0.43865968931853594,0.44380601948746345,0.4466573579037242,0.5660377358490566,0.5660377358490566,0.5660377358490566,0.5444358012373018,0.5535679618043343,0.5582675469550196,0.35976890756302526,0.3901199631333214,0.0,15.0,10.0,5.0,0.0,17.0,4.0,2.0,48.0,18.0,32.0,38.0,5.0,3.0,7.0,8.0
KNearestNeighbours,KNN-16-1,0.48131313131313125,0.6226415094339622,0.5799885648942252,0.5047134238310709,0.6226415094339622,0.6226415094339622,0.6226415094339622,0.5047134238310709,0.484375,0.6226415094339622,0.5900157232704403,0.49394547888523793,0.49882192460317465,0.5011176873021177,0.6226415094339622,0.6226415094339622,0.6226415094339622,0.6061065301801833,0.6136988993710691,0.6172077464968425,0.4493506493506493,0.464258137015123,0.0,15.0,11.0,7.0,0.0,12.0,4.0,4.0,48.0,23.0,32.0,36.0,5.0,3.0,6.0,6.0
KNearestNeighbours,KNN-17-1,0.4743303571428572,0.5660377358490566,0.5635107816711591,0.45154600301659126,0.5660377358490566,0.5660377358490566,0.5660377358490566,0.45154600301659126,0.43629032258064515,0.5660377358490566,0.5333536214242239,0.43865968931853594,0.44380601948746345,0.4466573579037242,0.5660377358490566,0.5660377358490566,0.5660377358490566,0.5444358012373018,0.5535679618043343,0.5582675469550196,0.35976890756302526,0.3901199631333214,0.0,15.0,10.0,5.0,0.0,17.0,4.0,2.0,48.0,18.0,32.0,38.0,5.0,3.0,7.0,8.0
KNearestNeighbours,KNN-18-1,0.4870391705069125,0.5849056603773585,0.5774063124945658,0.4707767722473605,0.5849056603773585,0.5849056603773585,0.5849056603773585,0.4707767722473605,0.45720868992758396,0.5849056603773585,0.5550324816475586,0.45947785934170016,0.4640011169371102,0.46650021434504196,0.5849056603773585,0.5849056603773586,0.5849056603773585,0.5655216938687064,0.5737599627219312,0.5779716741004965,0.3892090099528549,0.41670770253332134,0.0,15.0,10.0,6.0,0.0,16.0,4.0,2.0,48.0,19.0,32.0,38.0,5.0,3.0,7.0,7.0
KNearestNeighbours,KNN-19-1,0.4588744588744589,0.5471698113207547,0.54700645266683,0.43231523378582204,0.5471698113207547,0.5471698113207547,0.5471698113207547,0.43231523378582204,0.41361230400479376,0.5471698113207547,0.5099936120778836,0.4172173495133966,0.42330910411821765,0.42663878177896875,0.5471698113207547,0.5471698113207547,0.5471698113207547,0.5227500969126244,0.5330837139837639,0.5383924839047394,0.33017377567140593,0.3632737680545352,0.0,15.0,10.0,4.0,0.0,18.0,4.0,2.0,48.0,17.0,32.0,38.0,5.0,3.0,7.0,9.0
KNearestNeighbours,KNN-20-1,0.47426108374384235,0.5849056603773585,0.5647643833069987,0.4761186525892408,0.5849056603773585,0.5849056603773585,0.5849056603773585,0.4761186525892408,0.46240040583688935,0.5849056603773585,0.5585696163974317,0.46683538338098163,0.4707419476913757,0.4727664493929362,0.5849056603773585,0.5849056603773586,0.5849056603773585,0.569430393598272,0.576202119372801,0.5795362445985033,0.392391870766024,0.41157103510641246,0.0,14.0,10.0,7.0,0.0,15.0,4.0,3.0,48.0,20.0,32.0,37.0,5.0,4.0,7.0,6.0
KNearestNeighbours,KNN-21-1,0.4557891705069125,0.5660377358490566,0.5467459351360752,0.45154600301659126,0.5660377358490566,0.5660377358490566,0.5660377358490566,0.45154600301659126,0.4333991661180602,0.5660377358490566,0.5316721941363277,0.43864452600836684,0.4440011169371102,0.44682428841911603,0.5660377358490566,0.5660377358490566,0.5660377358490566,0.5450814422963793,0.5541373212124973,0.5586669920599654,0.36144578313253006,0.3869829269824922,0.0,15.0,10.0,5.0,0.0,16.0,4.0,3.0,48.0,19.0,32.0,37.0,5.0,3.0,7.0,8.0
KNearestNeighbours,KNN-22-1,0.4492610837438423,0.5660377358490566,0.5402360814202064,0.45688788335847164,0.5660377358490566,0.5660377358490566,0.5660377358490566,0.45688788335847164,0.44066127540210676,0.5660377358490566,0.5372406582350036,0.446674093058401,0.45105690832129697,0.45327103654889955,0.5660377358490566,0.5660377358490566,0.5660377358490566,0.549649504979891,0.5568884958398934,0.560408669732656,0.3647733194372069,0.38260255587581504,0.0,14.0,10.0,6.0,0.0,15.0,4.0,4.0,48.0,20.0,32.0,36.0,5.0,4.0,7.0,7.0
KNearestNeighbours,KNN-23-1,0.38886554621848735,0.5094339622641509,0.4770572379895354,0.3938536953242836,0.5094339622641509,0.5094339622641509,0.5094339622641509,0.3938536953242836,0.36107664736697,0.5094339622641509,0.4573820039431725,0.37318546596588115,0.3820107359720172,0.3864888683474109,0.5094339622641509,0.509433962264151,0.5094339622641509,0.4789132918778552,0.4921943106344928,0.4987673747335904,0.27243928194297773,0.30475171343257,0.0,15.0,10.0,2.0,0.0,19.0,4.0,3.0,48.0,16.0,32.0,37.0,5.0,3.0,7.0,11.0
KNearestNeighbours,KNN-24-1,0.42426108374384236,0.5471698113207547,0.5157077795334138,0.43765711412770236,0.5471698113207547,0.5471698113207547,0.5471698113207547,0.43765711412770236,0.41892214496732416,0.5471698113207547,0.5159117000725754,0.4265128027358204,0.4313718689512182,0.43377562370486283,0.5471698113207547,0.5471698113207547,0.5471698113207547,0.52986861636151,0.537574872306986,0.5412810948668086,0.33715476810838974,0.3536340766452176,0.0,14.0,10.0,5.0,0.0,15.0,4.0,5.0,48.0,20.0,32.0,35.0,5.0,4.0,7.0,8.0
KNearestNeighbours,KNN-25-1,0.4584677419354839,0.5660377358490566,0.552069385270846,0.45607088989441935,0.5660377358490566,0.5660377358490566,0.5660377358490566,0.45607088989441935,0.4386684208915951,0.5660377358490566,0.5349951131480852,0.44363157688694016,0.44877439071882386,0.4514988358438573,0.5660377358490566,0.5660377358490566,0.5660377358490566,0.5464078999462266,0.5547942804130438,0.5590515895303231,0.36411058946270214,0.3895123248641795,0.0,15.0,9.0,6.0,0.0,16.0,3.0,4.0,48.0,19.0,33.0,36.0,5.0,3.0,8.0,7.0
KNearestNeighbours,KNN-26-1,0.4492610837438423,0.5660377358490566,0.5402360814202064,0.45688788335847164,0.5660377358490566,0.5660377358490566,0.5660377358490566,0.45688788335847164,0.44066127540210676,0.5660377358490566,0.5372406582350036,0.446674093058401,0.45105690832129697,0.45327103654889955,0.5660377358490566,0.5660377358490566,0.5660377358490566,0.549649504979891,0.5568884958398934,0.560408669732656,0.3647733194372069,0.38260255587581504,0.0,14.0,10.0,6.0,0.0,15.0,4.0,4.0,48.0,20.0,32.0,36.0,5.0,4.0,7.0,7.0
KNearestNeighbours,KNN-27-1,0.4538123167155425,0.5471698113207547,0.5496043822276324,0.4421820010055304,0.5471698113207547,0.5471698113207547,0.5471698113207547,0.4421820010055304,0.4285714285714285,0.5471698113207547,0.5229110512129379,0.4313555949601175,0.43572977221028686,0.4381177429406389,0.5471698113207547,0.5471698113207547,0.5471698113207547,0.530321324585123,0.5373587379497317,0.5410391382270849,0.33784487246225925,0.36194275664081316,0.0,14.0,9.0,6.0,0.0,17.0,2.0,5.0,48.0,18.0,34.0,35.0,5.0,4.0,8.0,7.0
KNearestNeighbours,KNN-28-1,0.47485632183908044,0.5849056603773585,0.5743331164606376,0.4761186525892408,0.5849056603773585,0.5849056603773585,0.5849056603773585,0.4761186525892408,0.46134996331621425,0.5849056603773585,0.5608970223840307,0.4662360767326733,0.470420139542263,0.4725723209344972,0.5849056603773585,0.5849056603773586,0.5849056603773585,0.5699928778255184,0.5764341725737488,0.579661700064954,0.3949143746756617,0.4149521119610906,0.0,14.0,10.0,7.0,0.0,15.0,2.0,5.0,48.0,20.0,34.0,35.0,5.0,4.0,7.0,6.0
KNearestNeighbours,KNN-29-1,0.42380952380952375,0.5283018867924528,0.5065588499550763,0.42911010558069385,0.5283018867924528,0.5283018867924528,0.5283018867924528,0.42911010558069385,0.41711956521739135,0.5283018867924528,0.5056398687448728,0.4215701515740381,0.4248144968721015,0.4264485058208911,0.5283018867924528,0.5283018867924528,0.5283018867924528,0.5156846497371104,0.5213056783989389,0.5240095921329478,0.3098958333333335,0.3225228348830188,0.0,12.0,10.0,6.0,0.0,16.0,5.0,4.0,48.0,19.0,31.0,36.0,5.0,6.0,7.0,7.0
KNearestNeighbours,KNN-30-1,0.4405128205128205,0.5660377358490566,0.5277987421383648,0.4675716440422323,0.5660377358490566,0.5660377358490566,0.5660377358490566,0.4675716440422323,0.4496310375670841,0.5660377358490566,0.5409719175076788,0.45908773874244,0.4630834851423087,0.4648690746641343,0.5660377358490566,0.5660377358490566,0.5660377358490566,0.5542449900750639,0.5598084860016047,0.5622889774362467,0.37002583979328174,0.37822869147771304,0.0,12.0,10.0,8.0,0.0,13.0,5.0,5.0,48.0,22.0,31.0,35.0,5.0,6.0,7.0,5.0
KNearestNeighbours,KNN-31-1,0.44568452380952384,0.5471698113207547,0.5295934411500449,0.44381598793363497,0.5471698113207547,0.5471698113207547,0.5471698113207547,0.44381598793363497,0.43346508563899866,0.5471698113207547,0.5248216372088399,0.4366412958626073,0.4396642493808486,0.44123031468950724,0.5471698113207547,0.5471698113207547,0.5471698113207547,0.5344225472434566,0.5400752075566834,0.5428122016479702,0.3361169102296453,0.35032215975671716,0.0,12.0,11.0,6.0,0.0,16.0,5.0,3.0,48.0,19.0,31.0,37.0,5.0,6.0,6.0,7.0
KNearestNeighbours,KNN-32-1,0.42380952380952375,0.5283018867924528,0.5065588499550763,0.42911010558069385,0.5283018867924528,0.5283018867924528,0.5283018867924528,0.42911010558069385,0.41711956521739135,0.5283018867924528,0.5056398687448728,0.4215701515740381,0.4248144968721015,0.4264485058208911,0.5283018867924528,0.5283018867924528,0.5283018867924528,0.5156846497371104,0.5213056783989389,0.5240095921329478,0.3098958333333335,0.3225228348830188,0.0,12.0,10.0,6.0,0.0,16.0,5.0,4.0,48.0,19.0,31.0,36.0,5.0,6.0,7.0,7.0
KNearestNeighbours,KNN-1-2,0.6283333333333333,0.5849056603773585,0.6067924528301886,0.579248366013072,0.5849056603773585,0.5849056603773585,0.5849056603773585,0.579248366013072,0.5913419913419913,0.5849056603773585,0.5826023033570203,0.581035806981302,0.5796049794565676,0.5793244324432444,0.5849056603773585,0.5849056603773586,0.5849056603773585,0.5805792000095944,0.5821291033947494,0.5831185382689212,0.4134808853118712,0.42335603042242637,4.0,12.0,11.0,4.0,1.0,13.0,4.0,4.0,46.0,23.0,31.0,37.0,2.0,5.0,7.0,8.0
KNearestNeighbours,KNN-2-2,0.6541053921568628,0.6226415094339622,0.6441268960414355,0.6315359477124183,0.6226415094339622,0.6226415094339622,0.6226415094339622,0.6315359477124183,0.6359256868891756,0.6226415094339622,0.627340224550221,0.6314009655695364,0.6311234141342692,0.6312065775278243,0.6226415094339622,0.6226415094339622,0.6226415094339622,0.6228447556394348,0.622435889078074,0.6224432423640899,0.4783464566929134,0.48238219339842286,4.0,8.0,13.0,8.0,1.0,7.0,3.0,9.0,46.0,29.0,32.0,32.0,2.0,9.0,5.0,4.0
KNearestNeighbours,KNN-3-2,0.620701581027668,0.5849056603773585,0.6129241554180028,0.5575980392156862,0.5849056603773585,0.5849056603773585,0.5849056603773585,0.5575980392156862,0.5780138339920948,0.5849056603773585,0.5897792527406965,0.5633734690207512,0.5600938870580376,0.5589712109100198,0.5849056603773585,0.5849056603773586,0.5849056603773585,0.5846707519843609,0.5844123568508157,0.5845228982924664,0.41465863453815266,0.4200591817107408,3.0,11.0,12.0,5.0,1.0,12.0,3.0,6.0,46.0,24.0,32.0,35.0,3.0,6.0,6.0,7.0
KNearestNeighbours,KNN-4-2,0.6527014652014652,0.5660377358490566,0.607747598313636,0.5428921568627451,0.5660377358490566,0.5660377358490566,0.5660377358490566,0.5428921568627451,0.5747162022703818,0.5660377358490566,0.5745896372451662,0.5522518889391241,0.5471022192546249,0.5452607678072307,0.5660377358490566,0.5660377358490566,0.5660377358490566,0.567446324352805,0.5664437514338757,0.5662065555489934,0.38743718592964826,0.39046389239353646,3.0,10.0,12.0,5.0,0.0,11.0,4.0,8.0,47.0,25.0,31.0,33.0,3.0,7.0,6.0,7.0
KNearestNeighbours,KNN-5-2,0.6473214285714285,0.5471698113207547,0.5971473495058401,0.5298202614379085,0.5471698113207547,0.5471698113207547,0.5471698113207547,0.5298202614379085,0.5612296747967479,0.5471698113207547,0.5541877588587207,0.5378609145039883,0.5331583002189603,0.5316222114649267,0.5471698113207547,0.5471698113207547,0.5471698113207547,0.5464432658615843,0.5462290418024013,0.5464759299415054,0.3598389531957724,0.3668768670059443,3.0,11.0,10.0,5.0,0.0,13.0,4.0,7.0,47.0,23.0,31.0,34.0,3.0,6.0,8.0,7.0
KNearestNeighbours,KNN-6-2,0.6267361111111112,0.5283018867924528,0.5812368972746331,0.5134803921568627,0.5283018867924528,0.5283018867924528,0.5283018867924528,0.5134803921568627,0.5467086834733894,0.5283018867924528,0.5426985888695101,0.5232787541108763,0.5178837891515063,0.515955877531422,0.5283018867924528,0.5283018867924528,0.5283018867924528,0.5320856103820124,0.5298990990415967,0.5291720076656555,0.3391521197007481,0.3417377117437302,3.0,8.0,12.0,5.0,0.0,10.0,4.0,11.0,47.0,26.0,31.0,30.0,3.0,9.0,6.0,7.0
KNearestNeighbours,KNN-7-2,0.45238095238095244,0.5283018867924528,0.5411051212938006,0.44648692810457524,0.5283018867924528,0.5283018867924528,0.5283018867924528,0.44648692810457524,0.43472222222222223,0.5283018867924528,0.5153039832285116,0.43787202380952384,0.44144519591033216,0.44333333333333336,0.5283018867924528,0.5283018867924528,0.5283018867924528,0.5179975292003594,0.5221947037530958,0.5244654088050315,0.3263853584138282,0.3431744163725877,0.0,11.0,10.0,7.0,1.0,17.0,2.0,5.0,46.0,19.0,33.0,36.0,6.0,6.0,8.0,5.0
KNearestNeighbours,KNN-8-2,0.4164402173913043,0.5471698113207547,0.5001025430680885,0.4603758169934641,0.5471698113207547,0.5471698113207547,0.5471698113207547,0.4603758169934641,0.43388009049773757,0.5471698113207547,0.5180867412276957,0.4484779333569656,0.45418700497329156,0.4566749467361839,0.5471698113207547,0.5471698113207547,0.5471698113207547,0.5339418645870259,0.5402611586274967,0.543031668725373,0.3516819571865445,0.3594311655078838,0.0,11.0,11.0,7.0,0.0,12.0,5.0,7.0,47.0,24.0,30.0,34.0,6.0,6.0,7.0,5.0
KNearestNeighbours,KNN-9-2,0.40689149560117305,0.4716981132075472,0.494605212194987,0.3909313725490196,0.4716981132075472,0.4716981132075472,0.4716981132075472,0.3909313725490196,0.37845139930034977,0.4716981132075472,0.45625418422864034,0.3803632609534182,0.3845563420140612,0.3868966534032516,0.4716981132075472,0.4716981132075472,0.4716981132075472,0.458268421730842,0.4635702289565008,0.4665487180740856,0.23975409836065575,0.26009249377738336,0.0,11.0,9.0,5.0,0.0,20.0,2.0,6.0,47.0,16.0,33.0,35.0,6.0,6.0,9.0,7.0
KNearestNeighbours,KNN-10-2,0.37787356321839083,0.4528301886792453,0.45966167859466495,0.3762254901960785,0.4528301886792453,0.4528301886792453,0.4528301886792453,0.3762254901960785,0.36286231884057973,0.4528301886792453,0.437571780147662,0.36696121747668137,0.37083964885689025,0.37286267995570327,0.4528301886792453,0.4528301886792453,0.4528301886792453,0.4416178064300998,0.4462453616650104,0.4487043189368771,0.21421267893660523,0.2276743567407387,0.0,10.0,9.0,5.0,0.0,19.0,3.0,7.0,47.0,17.0,32.0,34.0,6.0,7.0,9.0,7.0
KNearestNeighbours,KNN-11-2,0.36652930402930406,0.4528301886792453,0.44401824590503836,0.3762254901960785,0.4528301886792453,0.4528301886792453,0.4528301886792453,0.3762254901960785,0.3604390681003585,0.4528301886792453,0.4340975180902144,0.3667279411764706,0.37085964219942125,0.37290974529346627,0.4528301886792453,0.4528301886792453,0.4528301886792453,0.4411995930447651,0.4462152462360948,0.44873273574458306,0.21381074168797964,0.22499824868691579,0.0,10.0,9.0,5.0,0.0,18.0,4.0,7.0,47.0,18.0,31.0,34.0,6.0,7.0,9.0,7.0
KNearestNeighbours,KNN-12-2,0.36126373626373626,0.4528301886792453,0.44070080862533695,0.3754084967320262,0.4528301886792453,0.4528301886792453,0.4528301886792453,0.3754084967320262,0.3609011627906977,0.4528301886792453,0.43709960508995177,0.36748870466657474,0.3710495636917679,0.3727427181045445,0.4528301886792453,0.4528301886792453,0.4528301886792453,0.44380088562821585,0.44780068767439046,0.4497405284280467,0.21541602858601328,0.22352497590453005,0.0,9.0,10.0,5.0,0.0,17.0,4.0,8.0,47.0,19.0,31.0,33.0,6.0,8.0,8.0,7.0
KNearestNeighbours,KNN-13-2,0.36775568181818186,0.4339622641509434,0.44782375643224703,0.3562091503267974,0.4339622641509434,0.4339622641509434,0.4339622641509434,0.3562091503267974,0.3410850233510332,0.43396226415094347,0.41372309259659384,0.3441888242625675,0.34900134777669806,0.351653685160366,0.4339622641509434,0.4339622641509434,0.43396226415094336,0.4181628269747827,0.42452083283477204,0.42800248627171633,0.18335901386748832,0.20105023166406427,0.0,11.0,8.0,4.0,0.0,21.0,3.0,6.0,47.0,15.0,32.0,35.0,6.0,6.0,10.0,8.0
KNearestNeighbours,KNN-14-2,0.36652930402930406,0.4528301886792453,0.44401824590503836,0.3762254901960785,0.4528301886792453,0.4528301886792453,0.4528301886792453,0.3762254901960785,0.3604390681003585,0.4528301886792453,0.4340975180902144,0.3667279411764706,0.37085964219942125,0.37290974529346627,0.4528301886792453,0.4528301886792453,0.4528301886792453,0.4411995930447651,0.4462152462360948,0.44873273574458306,0.21381074168797964,0.22499824868691579,0.0,10.0,9.0,5.0,0.0,18.0,4.0,7.0,47.0,18.0,31.0,34.0,6.0,7.0,9.0,7.0
KNearestNeighbours,KNN-15-2,0.3642156862745098,0.41509433962264153,0.45094339622641505,0.3353758169934641,0.41509433962264153,0.41509433962264153,0.41509433962264153,0.3353758169934641,0.32212885154061627,0.41509433962264153,0.39712488769092535,0.32254461476503304,0.32744045739941774,0.3303045733302169,0.41509433962264153,0.41509433962264153,0.41509433962264153,0.39820847562994,0.40469841698450737,0.40846094545213235,0.1544004117344312,0.17414944142979777,0.0,11.0,8.0,3.0,0.0,23.0,2.0,6.0,47.0,13.0,33.0,35.0,6.0,6.0,10.0,9.0
KNearestNeighbours,KNN-16-2,0.3869061972510248,0.4528301886792453,0.4755608737391432,0.3762254901960785,0.4528301886792453,0.4528301886792453,0.4528301886792453,0.3762254901960785,0.3638680659670165,0.4528301886792453,0.4408248705835761,0.3668671644495847,0.37072622595481236,0.3727809712790847,0.4528301886792453,0.4528301886792453,0.4528301886792453,0.4422633118755038,0.44648111087397613,0.4488234151111165,0.21661569826707439,0.23107219399162887,0.0,10.0,9.0,5.0,0.0,19.0,2.0,8.0,47.0,17.0,33.0,33.0,6.0,7.0,9.0,7.0
KNearestNeighbours,KNN-17-2,0.3690340909090909,0.41509433962264153,0.4542667238421955,0.34150326797385616,0.41509433962264153,0.41509433962264153,0.41509433962264153,0.34150326797385616,0.3318544809228039,0.41509433962264153,0.40374344979993637,0.3316969822240595,0.3354478183479551,0.33764043367502306,0.41509433962264153,0.41509433962264153,0.41509433962264153,0.4027978191518404,0.40745086146836135,0.4102084619157943,0.15873015873015872,0.17458143365787093,0.0,10.0,8.0,4.0,0.0,22.0,2.0,7.0,47.0,14.0,33.0,34.0,6.0,7.0,10.0,8.0
KNearestNeighbours,KNN-18-2,0.38105413105413105,0.4716981132075472,0.4671289576949955,0.3901143790849673,0.4716981132075472,0.4716981132075472,0.4716981132075472,0.3901143790849673,0.37492668621700875,0.4716981132075472,0.455475017982626,0.38109678729127544,0.3850518168699987,0.3869950181018271,0.4716981132075472,0.4716981132075472,0.4716981132075472,0.4613893679633117,0.4658271021907385,0.46806178400703924,0.24285714285714288,0.2540022791250895,0.0,10.0,10.0,5.0,0.0,17.0,3.0,8.0,47.0,19.0,32.0,33.0,6.0,7.0,8.0,7.0
KNearestNeighbours,KNN-19-2,0.3690340909090909,0.41509433962264153,0.4542667238421955,0.34150326797385616,0.41509433962264153,0.41509433962264153,0.41509433962264153,0.34150326797385616,0.3318544809228039,0.41509433962264153,0.40374344979993637,0.3316969822240595,0.3354478183479551,0.33764043367502306,0.41509433962264153,0.41509433962264153,0.41509433962264153,0.4027978191518404,0.40745086146836135,0.4102084619157943,0.15873015873015872,0.17458143365787093,0.0,10.0,8.0,4.0,0.0,22.0,2.0,7.0,47.0,14.0,33.0,34.0,6.0,7.0,10.0,8.0
KNearestNeighbours,KNN-20-2,0.3717948717948718,0.4528301886792453,0.4552491533623609,0.3754084967320262,0.4528301886792453,0.4528301886792453,0.4528301886792453,0.3754084967320262,0.3635630498533724,0.4528301886792453,0.44089525811984726,0.3679388925544333,0.3711629279811098,0.3727809712790847,0.4528301886792453,0.4528301886792453,0.4528301886792453,0.4445075407537785,0.44800739569178677,0.44982489374389795,0.21581632653061222,0.2257205127519178,0.0,9.0,10.0,5.0,0.0,18.0,3.0,8.0,47.0,18.0,32.0,33.0,6.0,8.0,8.0,7.0
KNearestNeighbours,KNN-21-2,0.39048295454545456,0.4528301886792453,0.47869854202401374,0.37009803921568624,0.4528301886792453,0.4528301886792453,0.4528301886792453,0.37009803921568624,0.358326402661378,0.4528301886792453,0.43714534373517544,0.3592490652264229,0.36345221482872114,0.3658677319831085,0.4528301886792453,0.4528301886792453,0.4528301886792453,0.43862202224643526,0.444152199396011,0.44731213478563064,0.21058038007190538,0.23089802516040994,0.0,11.0,9.0,4.0,0.0,21.0,2.0,6.0,47.0,15.0,33.0,35.0,6.0,6.0,9.0,8.0
KNearestNeighbours,KNN-22-2,0.39377289377289376,0.4716981132075472,0.48465685258138086,0.3901143790849673,0.4716981132075472,0.4716981132075472,0.4716981132075472,0.3901143790849673,0.37777777777777777,0.4716981132075472,0.459538784067086,0.3814768735362998,0.38510549300483315,0.38699186991869916,0.4716981132075472,0.4716981132075472,0.4716981132075472,0.46200915411014387,0.4659579333118392,0.46809326583831884,0.2432432432432432,0.25675637469774837,0.0,10.0,10.0,5.0,0.0,18.0,2.0,8.0,47.0,18.0,33.0,33.0,6.0,7.0,8.0,7.0
KNearestNeighbours,KNN-23-2,0.39222873900293254,0.4716981132075472,0.47407735295745035,0.3917483660130719,0.4716981132075472,0.4716981132075472,0.4716981132075472,0.3917483660130719,0.37162668665667165,0.4716981132075472,0.4461967129642726,0.37792928261582537,0.3836924314837772,0.38670900922077317,0.4716981132075472,0.4716981132075472,0.4716981132075472,0.45400895964005455,0.46137118397032334,0.46523520879673647,0.23975409836065575,0.26009249377738336,0.0,12.0,8.0,5.0,0.0,19.0,3.0,6.0,47.0,17.0,32.0,35.0,6.0,5.0,10.0,7.0
KNearestNeighbours,KNN-24-2,0.3727996141789245,0.4528301886792453,0.45574659562948444,0.37704248366013077,0.4528301886792453,0.4528301886792453,0.4528301886792453,0.37704248366013077,0.357496251874063,0.4528301886792453,0.43134847670504367,0.3646935214238736,0.37001162263905296,0.37268652578524586,0.4528301886792453,0.4528301886792453,0.4528301886792453,0.4383378649018477,0.444473629861151,0.44762948150975773,0.21661569826707439,0.23107219399162887,0.0,11.0,8.0,5.0,0.0,18.0,3.0,8.0,47.0,18.0,32.0,33.0,6.0,6.0,10.0,7.0
KNearestNeighbours,KNN-25-2,0.41785714285714287,0.4716981132075472,0.5040431266846361,0.3856209150326797,0.4716981132075472,0.4716981132075472,0.4716981132075472,0.3856209150326797,0.3678571428571429,0.4716981132075472,0.4450134770889488,0.3690039240891715,0.3753583067446979,0.37906138644164133,0.4716981132075472,0.4716981132075472,0.4716981132075472,0.44895014019619167,0.45783666427688197,0.46287830409354314,0.23426212590299278,0.2683282614464994,0.0,13.0,8.0,4.0,0.0,22.0,2.0,4.0,47.0,14.0,33.0,37.0,6.0,4.0,10.0,8.0
KNearestNeighbours,KNN-26-2,0.41519886363636366,0.49056603773584906,0.5049206689536878,0.40645424836601307,0.49056603773584906,0.49056603773584906,0.49056603773584906,0.40645424836601307,0.38420585625554565,0.49056603773584906,0.46270780666655514,0.3903834229020256,0.39699676224984015,0.40051718373984024,0.49056603773584906,0.490566037735849,0.4905660377358491,0.4700987465583002,0.47849161841366883,0.48298015611550965,0.26728110599078336,0.29397260764325367,0.0,13.0,8.0,5.0,0.0,19.0,2.0,6.0,47.0,17.0,33.0,35.0,6.0,4.0,10.0,7.0
KNearestNeighbours,KNN-27-2,0.3936651583710407,0.4716981132075472,0.47097242380261245,0.3786764705882353,0.4716981132075472,0.4716981132075472,0.4716981132075472,0.3786764705882353,0.3559456040480708,0.4716981132075472,0.43619395414891454,0.36111111111111105,0.36815769369948936,0.37202590690962783,0.4716981132075472,0.4716981132075472,0.4716981132075472,0.4470958194598593,0.4572305549465431,0.46260733075125354,0.22909090909090912,0.25811250437963495,0.0,13.0,9.0,3.0,0.0,21.0,4.0,3.0,47.0,15.0,31.0,38.0,6.0,4.0,9.0,9.0
KNearestNeighbours,KNN-28-2,0.4144189144189144,0.49056603773584906,0.49086133991794373,0.3995098039215686,0.49056603773584906,0.49056603773584906,0.49056603773584906,0.3995098039215686,0.38042444821731747,0.49056603773584906,0.4593253675881731,0.38415312119447237,0.3902591331062579,0.39365108862213133,0.49056603773584906,0.490566037735849,0.4905660377358491,0.46855928656128654,0.47759955340997445,0.4824157917090117,0.25854922279792747,0.2867611513412207,0.0,13.0,9.0,4.0,0.0,20.0,4.0,3.0,47.0,16.0,31.0,38.0,6.0,4.0,9.0,8.0
KNearestNeighbours,KNN-29-2,0.3651515151515151,0.4716981132075472,0.44333905088622066,0.37173202614379086,0.4716981132075472,0.4716981132075472,0.4716981132075472,0.37173202614379086,0.3403386809269162,0.4716981132075472,0.42589849661991713,0.35173906134920585,0.36022190825942574,0.3645587755080742,0.4716981132075472,0.4716981132075472,0.4716981132075472,0.4443315582831899,0.45613407095926395,0.4620397863721332,0.22627737226277378,0.25210751884503774,0.0,13.0,10.0,2.0,0.0,20.0,5.0,3.0,47.0,16.0,30.0,38.0,6.0,4.0,8.0,10.0
KNearestNeighbours,KNN-30-2,0.398015873015873,0.5094339622641509,0.4822102425876011,0.4133986928104575,0.5094339622641509,0.5094339622641509,0.5094339622641509,0.4133986928104575,0.3897859675785208,0.5094339622641509,0.47595629982221715,0.3988844619855286,0.4051111684308406,0.40825261111660244,0.5094339622641509,0.509433962264151,0.5094339622641509,0.4896443924328467,0.49823282192598617,0.5025009278237079,0.28932439401753485,0.3092840474770878,0.0,13.0,10.0,4.0,0.0,17.0,4.0,5.0,47.0,19.0,31.0,36.0,6.0,4.0,8.0,8.0
KNearestNeighbours,KNN-31-2,0.3262672811059908,0.4528301886792453,0.40297365446482913,0.35784313725490197,0.4528301886792453,0.4528301886792453,0.4528301886792453,0.35784313725490197,0.3244118819776714,0.4528301886792453,0.406657187565827,0.3389063044235458,0.34722733971997055,0.3512944259250046,0.4528301886792453,0.4528301886792453,0.4528301886792453,0.4274297956796329,0.43868619735543163,0.44412641700313005,0.20280082987551873,0.2194972732492068,0.0,13.0,9.0,2.0,0.0,18.0,6.0,5.0,47.0,18.0,29.0,36.0,6.0,4.0,9.0,10.0
KNearestNeighbours,KNN-32-2,0.35930299539170507,0.4716981132075472,0.4377445439526998,0.3786764705882353,0.4716981132075472,0.4716981132075472,0.4716981132075472,0.3786764705882353,0.3510416666666667,0.4716981132075472,0.43270440251572334,0.36191965334407195,0.36912651628731086,0.37274886346250513,0.4716981132075472,0.4716981132075472,0.4716981132075472,0.44895295334084273,0.4588464772759418,0.4637461364529555,0.2326783867631852,0.2515023230426745,0.0,13.0,9.0,3.0,0.0,18.0,5.0,5.0,47.0,18.0,30.0,36.0,6.0,4.0,9.0,9.0
KNearestNeighbours,KNN-1-3,0.5755208333333333,0.5283018867924528,0.5654481132075472,0.47753267973856206,0.5283018867924528,0.5283018867924528,0.5283018867924528,0.47753267973856206,0.48083900226757365,0.5283018867924528,0.5032986779617508,0.46858465608465605,0.4711540033681594,0.4732898059542796,0.5283018867924528,0.5283018867924528,0.5283018867924528,0.5071129080563042,0.5155245990091725,0.5202147843880713,0.3236345074017356,0.3534496455611869,2.0,15.0,8.0,3.0,1.0,17.0,4.0,3.0,46.0,19.0,31.0,38.0,4.0,2.0,10.0,9.0
KNearestNeighbours,KNN-2-3,0.5399350649350649,0.5471698113207547,0.5647145307522665,0.4820261437908497,0.5471698113207547,0.5471698113207547,0.5471698113207547,0.4820261437908497,0.48370726495726496,0.5471698113207547,0.5385824866956943,0.4791400460005111,0.4800681026290783,0.48075361731217103,0.5471698113207547,0.5471698113207547,0.5471698113207547,0.5408788958591503,0.5435755224986702,0.5449477076087594,0.3611250627825213,0.3673726542414087,1.0,12.0,10.0,6.0,1.0,10.0,4.0,9.0,46.0,26.0,31.0,32.0,5.0,5.0,8.0,6.0
KNearestNeighbours,KNN-3-3,0.467911877394636,0.5471698113207547,0.5699414443721535,0.46282679738562094,0.5471698113207547,0.5471698113207547,0.5471698113207547,0.46282679738562094,0.434937445807011,0.5471698113207547,0.5184156833049367,0.44499819351554193,0.45270937958599733,0.456570008810921,0.5471698113207547,0.5471698113207547,0.5471698113207547,0.527002333479045,0.5355324832102145,0.5399306328772071,0.35757575757575755,0.3835700079152498,0.0,14.0,8.0,7.0,1.0,15.0,1.0,7.0,46.0,21.0,34.0,34.0,6.0,3.0,10.0,5.0
KNearestNeighbours,KNN-4-3,0.40201714046822745,0.5094339622641509,0.48758440083296517,0.4325980392156863,0.5094339622641509,0.5094339622641509,0.5094339622641509,0.4325980392156863,0.4076612903225807,0.5094339622641509,0.4868228849665247,0.4201705922753717,0.42595046082949306,0.42857983438516556,0.5094339622641509,0.509433962264151,0.5094339622641509,0.4974837177251162,0.5029497435005652,0.5054935370368843,0.3061430010070493,0.31448754515007366,0.0,11.0,9.0,7.0,1.0,12.0,4.0,9.0,46.0,24.0,31.0,32.0,6.0,6.0,9.0,5.0
KNearestNeighbours,KNN-5-3,0.5073529411764706,0.6037735849056604,0.6198668146503884,0.5175653594771241,0.6037735849056604,0.6037735849056604,0.6037735849056604,0.5175653594771241,0.48490663306220644,0.6037735849056604,0.5770658205028997,0.4983882878926989,0.5069130830193582,0.5110344882951735,0.6037735849056604,0.6037735849056604,0.6037735849056604,0.5856343625042648,0.5934242451727089,0.5973684513469775,0.4387291981845688,0.4639815895757812,0.0,13.0,10.0,9.0,0.0,13.0,0.0,8.0,47.0,23.0,35.0,33.0,6.0,4.0,8.0,3.0
KNearestNeighbours,KNN-6-3,0.473731884057971,0.5849056603773585,0.5779327317473338,0.5020424836601307,0.5849056603773585,0.5849056603773585,0.5849056603773585,0.5020424836601307,0.4708333333333333,0.5849056603773585,0.5613207547169812,0.4852439227439227,0.49286740558292286,0.496450766747377,0.5849056603773585,0.5849056603773586,0.5849056603773585,0.5706086366463725,0.5769007342689841,0.5799835533829777,0.4128902316213494,0.4290318082753319,0.0,11.0,11.0,9.0,0.0,12.0,1.0,9.0,47.0,24.0,34.0,32.0,6.0,6.0,7.0,3.0
KNearestNeighbours,KNN-7-3,0.3666666666666667,0.4528301886792453,0.44528301886792454,0.3709150326797385,0.4528301886792453,0.4528301886792453,0.4528301886792453,0.3709150326797385,0.35190199871050937,0.4528301886792453,0.4272544797635123,0.3583157400891391,0.36362271767700477,0.36636592136034796,0.4528301886792453,0.4528301886792453,0.4528301886792453,0.4361796768154236,0.44323018231587863,0.44684995601896815,0.21461420541645382,0.22931230803291963,0.0,12.0,8.0,4.0,1.0,18.0,4.0,6.0,46.0,18.0,31.0,35.0,6.0,5.0,10.0,8.0
KNearestNeighbours,KNN-8-3,0.4028846153846154,0.5094339622641509,0.4933236574746009,0.42647058823529416,0.5094339622641509,0.5094339622641509,0.5094339622641509,0.42647058823529416,0.4006459948320414,0.5094339622641509,0.4834284042708791,0.4125506585612969,0.41885932970290984,0.4218293453944169,0.5094339622641509,0.509433962264151,0.5094339622641509,0.49449446579113376,0.501144366204987,0.5043514598278929,0.3008625063419583,0.31445618344061044,0.0,12.0,9.0,6.0,0.0,14.0,3.0,9.0,47.0,22.0,32.0,32.0,6.0,5.0,9.0,6.0
KNearestNeighbours,KNN-9-3,0.406478578892372,0.49056603773584906,0.4826403264919856,0.4125816993464052,0.49056603773584906,0.49056603773584906,0.49056603773584906,0.4125816993464052,0.39420289855072466,0.49056603773584906,0.4666119770303528,0.40080543837314764,0.40582811373886424,0.4083843128269752,0.49056603773584906,0.490566037735849,0.4905660377358491,0.47525636611714306,0.481793838600452,0.48511606291757897,0.2706422018348623,0.28666157278352966,0.0,12.0,8.0,6.0,1.0,17.0,4.0,5.0,46.0,19.0,31.0,36.0,6.0,5.0,10.0,6.0
KNearestNeighbours,KNN-10-3,0.4138694638694639,0.5094339622641509,0.5006993006993008,0.4334150326797386,0.5094339622641509,0.5094339622641509,0.5094339622641509,0.4334150326797386,0.4070955478333185,0.5094339622641509,0.4838043169434736,0.41894528468483866,0.42548112454354114,0.4285731209425403,0.5094339622641509,0.509433962264151,0.5094339622641509,0.49419677908744575,0.50093614640266,0.5042155771161283,0.30509329299041854,0.3188374914211963,0.0,12.0,8.0,7.0,1.0,14.0,3.0,8.0,46.0,22.0,32.0,33.0,6.0,5.0,10.0,5.0
KNearestNeighbours,KNN-11-3,0.40230429292929293,0.49056603773584906,0.48795740423098916,0.4003267973856209,0.49056603773584906,0.49056603773584906,0.49056603773584906,0.4003267973856209,0.3760262725779967,0.49056603773584906,0.4569197880843945,0.3832012259564574,0.39026621107545956,0.3940131732203268,0.49056603773584906,0.490566037735849,0.4905660377358491,0.46764575681075843,0.47719110168668455,0.48219250922175044,0.2672811059907835,0.292295412676332,0.0,14.0,8.0,4.0,1.0,18.0,3.0,5.0,46.0,18.0,32.0,36.0,6.0,3.0,10.0,8.0
KNearestNeighbours,KNN-12-3,0.4222027972027972,0.5283018867924528,0.5082464705106216,0.45424836601307184,0.5283018867924528,0.5283018867924528,0.5283018867924528,0.45424836601307184,0.4203230610608317,0.5283018867924528,0.49578395156461763,0.43630639579594976,0.4444950243599586,0.44831485264079374,0.5283018867924528,0.5283018867924528,0.5283018867924528,0.5099200495276973,0.5181562820854533,0.5220948812956786,0.32979261507334356,0.34652939157942303,0.0,12.0,8.0,8.0,0.0,14.0,3.0,8.0,47.0,22.0,32.0,33.0,6.0,5.0,10.0,4.0
KNearestNeighbours,KNN-13-3,0.4592911877394636,0.5283018867924528,0.5588809368900455,0.4481209150326797,0.5283018867924528,0.5283018867924528,0.5283018867924528,0.4481209150326797,0.42406788058961975,0.5283018867924528,0.5044698260448875,0.43211159557739753,0.43897311584973364,0.44245040748201736,0.5283018867924528,0.5283018867924528,0.5283018867924528,0.5104685851810485,0.5179085976618006,0.5218149179646514,0.3308080808080809,0.35485643387639637,0.0,13.0,8.0,7.0,1.0,16.0,1.0,7.0,46.0,20.0,34.0,34.0,6.0,4.0,10.0,5.0
KNearestNeighbours,KNN-14-3,0.45436507936507936,0.5283018867924528,0.5525606469002695,0.45424836601307184,0.5283018867924528,0.5283018867924528,0.5283018867924528,0.45424836601307184,0.42433862433862435,0.5283018867924528,0.5017070979335131,0.4359567901234568,0.4439952432617217,0.447939652939653,0.5283018867924528,0.5283018867924528,0.5283018867924528,0.5096960167714885,0.5176171008961152,0.5216712846901527,0.3304699343102576,0.35452450824521736,0.0,12.0,8.0,8.0,0.0,16.0,1.0,8.0,47.0,20.0,34.0,33.0,6.0,5.0,10.0,4.0
KNearestNeighbours,KNN-15-3,0.42301136363636366,0.5094339622641509,0.5149442538593482,0.42116013071895425,0.5094339622641509,0.5094339622641509,0.5094339622641509,0.42116013071895425,0.3944099378881987,0.5094339622641509,0.4757998359310911,0.4028834229020256,0.41051027576335364,0.414497446897735,0.5094339622641509,0.509433962264151,0.5094339622641509,0.48613648240735685,0.49582971122345976,0.5009170975256387,0.29441884280593955,0.3238204011395993,0.0,14.0,8.0,5.0,0.0,18.0,2.0,6.0,47.0,18.0,33.0,35.0,6.0,3.0,10.0,7.0
KNearestNeighbours,KNN-16-3,0.45555555555555555,0.5283018867924528,0.5540880503144654,0.4481209150326797,0.5283018867924528,0.5283018867924528,0.5283018867924528,0.4481209150326797,0.4210614051039583,0.5283018867924528,0.5006124612708314,0.4304021489121336,0.43799731569360556,0.44184261007381953,0.5283018867924528,0.5283018867924528,0.5283018867924528,0.5082753328558042,0.5166566276501647,0.5210351024220581,0.32706957846622653,0.3550426498667461,0.0,13.0,8.0,7.0,0.0,17.0,1.0,7.0,47.0,19.0,34.0,34.0,6.0,4.0,10.0,5.0
KNearestNeighbours,KNN-17-3,0.4697408326440584,0.5471698113207547,0.5686595814410788,0.46282679738562094,0.5471698113207547,0.5471698113207547,0.5471698113207547,0.46282679738562094,0.4339814814814814,0.5471698113207547,0.5151572327044025,0.44366708984195324,0.4518045548053869,0.455969702661323,0.5471698113207547,0.5471698113207547,0.5471698113207547,0.5244214492590614,0.5339242264265127,0.5388945889526826,0.3523421588594705,0.3855426632700238,0.0,14.0,8.0,7.0,0.0,17.0,1.0,6.0,47.0,19.0,34.0,35.0,6.0,3.0,10.0,5.0
KNearestNeighbours,KNN-18-3,0.45555555555555555,0.5283018867924528,0.5540880503144654,0.4481209150326797,0.5283018867924528,0.5283018867924528,0.5283018867924528,0.4481209150326797,0.4210614051039583,0.5283018867924528,0.5006124612708314,0.4304021489121336,0.43799731569360556,0.44184261007381953,0.5283018867924528,0.5283018867924528,0.5283018867924528,0.5082753328558042,0.5166566276501647,0.5210351024220581,0.32706957846622653,0.3550426498667461,0.0,13.0,8.0,7.0,0.0,17.0,1.0,7.0,47.0,19.0,34.0,34.0,6.0,4.0,10.0,5.0
KNearestNeighbours,KNN-19-3,0.43790322580645163,0.5283018867924528,0.5297626293365795,0.44199346405228757,0.5283018867924528,0.5283018867924528,0.5283018867924528,0.44199346405228757,0.41369047619047616,0.5283018867924528,0.49438454627133865,0.42371889627987186,0.4314964610717896,0.43546359669523993,0.5283018867924528,0.5283018867924528,0.5283018867924528,0.5056733929260391,0.5152240685273861,0.520149064418915,0.3232890704800816,0.352011023657825,0.0,14.0,8.0,6.0,0.0,17.0,2.0,6.0,47.0,19.0,33.0,35.0,6.0,3.0,10.0,6.0
KNearestNeighbours,KNN-20-3,0.4632936507936508,0.5471698113207547,0.5640161725067385,0.46895424836601307,0.5471698113207547,0.5471698113207547,0.5471698113207547,0.46895424836601307,0.4354497354497354,0.5471698113207547,0.5159628631326745,0.44897762345679015,0.4578073979578543,0.46210631960631965,0.5471698113207547,0.5471698113207547,0.5471698113207547,0.5264019916142558,0.5353383559779458,0.5398473853190835,0.35725113693784727,0.38325508765958516,0.0,13.0,8.0,8.0,0.0,15.0,1.0,8.0,47.0,21.0,34.0,33.0,6.0,4.0,10.0,4.0
KNearestNeighbours,KNN-21-3,0.4370689655172414,0.5283018867924528,0.5286922576447626,0.4481209150326797,0.5283018867924528,0.5283018867924528,0.5283018867924528,0.4481209150326797,0.4187768752986144,0.5283018867924528,0.4972820452722011,0.43060602496613587,0.4382931212896901,0.4420662527354464,0.5283018867924528,0.5283018867924528,0.5283018867924528,0.5084232817091459,0.5169848314670245,0.5212930473655364,0.3267276422764228,0.35022534557405144,0.0,13.0,8.0,7.0,0.0,16.0,2.0,7.0,47.0,20.0,33.0,34.0,6.0,4.0,10.0,5.0
KNearestNeighbours,KNN-22-3,0.47478991596638653,0.5283018867924528,0.5836372284762962,0.45424836601307184,0.5283018867924528,0.5283018867924528,0.5283018867924528,0.45424836601307184,0.4251105216622458,0.5283018867924528,0.5049864037502294,0.43509615384615385,0.44339291517712054,0.4475442907021855,0.5283018867924528,0.5283018867924528,0.5283018867924528,0.5096153846153847,0.5173831408931757,0.5214883530275785,0.33249370277078083,0.35948480261100146,0.0,12.0,8.0,8.0,0.0,16.0,0.0,9.0,47.0,20.0,35.0,32.0,6.0,5.0,10.0,4.0
KNearestNeighbours,KNN-23-3,0.41538461538461546,0.49056603773584906,0.5044992743105952,0.4125816993464052,0.49056603773584906,0.49056603773584906,0.49056603773584906,0.4125816993464052,0.39051671732522797,0.49056603773584906,0.46653896885932217,0.3979632636741222,0.40418043814571036,0.40735837581941314,0.49056603773584906,0.490566037735849,0.4905660377358491,0.4734017059329522,0.4805669288679787,0.48431963238863185,0.271013754457463,0.29257987119726864,0.0,12.0,8.0,6.0,0.0,18.0,2.0,7.0,47.0,18.0,33.0,34.0,6.0,5.0,10.0,6.0
KNearestNeighbours,KNN-24-3,0.43874007936507936,0.5094339622641509,0.5384097035040432,0.4334150326797386,0.5094339622641509,0.5094339622641509,0.5094339622641509,0.4334150326797386,0.40648148148148144,0.5094339622641509,0.48553459119496856,0.4164255401234568,0.42383395293914106,0.4275069606319607,0.5094339622641509,0.509433962264151,0.5094339622641509,0.49200733752620546,0.4993578190945329,0.5031662048643182,0.30368873168266797,0.3257939288308496,0.0,12.0,8.0,7.0,0.0,16.0,1.0,9.0,47.0,20.0,34.0,32.0,6.0,5.0,10.0,5.0
KNearestNeighbours,KNN-25-3,0.3663194444444445,0.4716981132075472,0.43907232704402516,0.386437908496732,0.4716981132075472,0.4716981132075472,0.4716981132075472,0.386437908496732,0.3547619047619047,0.4716981132075472,0.4280323450134771,0.3668859649122807,0.37523398730295277,0.3794674653050537,0.4716981132075472,0.4716981132075472,0.4716981132075472,0.44548162859980134,0.45676996750516585,0.46243230224251136,0.23544564657393097,0.25769656939174,0.0,14.0,7.0,4.0,0.0,18.0,5.0,5.0,47.0,18.0,30.0,36.0,6.0,3.0,11.0,8.0
KNearestNeighbours,KNN-26-3,0.3775659824046921,0.4716981132075472,0.4535494937199137,0.3925653594771242,0.4716981132075472,0.4716981132075472,0.4716981132075472,0.3925653594771242,0.36480197401299347,0.4716981132075472,0.4361392416999047,0.3754953042782326,0.3828285209534932,0.3865213650382947,0.4716981132075472,0.4716981132075472,0.4716981132075472,0.4497494975492671,0.45917213898414583,0.4639216995193873,0.23975409836065575,0.26009249377738336,0.0,13.0,7.0,5.0,0.0,18.0,4.0,6.0,47.0,18.0,31.0,35.0,6.0,4.0,11.0,7.0
KNearestNeighbours,KNN-27-3,0.39346590909090906,0.49056603773584906,0.46966123499142365,0.40727124183006536,0.49056603773584906,0.49056603773584906,0.49056603773584906,0.40727124183006536,0.3771831616659203,0.49056603773584906,0.45016011964613134,0.3881803074366431,0.39627746194318153,0.4004200317717038,0.49056603773584906,0.490566037735849,0.4905660377358491,0.4653353818657845,0.4760914645621958,0.4815583976504349,0.2650231124807395,0.2905936121531013,0.0,14.0,7.0,5.0,0.0,18.0,4.0,5.0,47.0,18.0,31.0,36.0,6.0,3.0,11.0,7.0
KNearestNeighbours,KNN-28-3,0.39871794871794874,0.49056603773584906,0.4812288340590228,0.4133986928104575,0.49056603773584906,0.49056603773584906,0.49056603773584906,0.4133986928104575,0.38329787234042556,0.49056603773584906,0.4559293456443196,0.3954744632759142,0.40330675661057247,0.4071694785350894,0.49056603773584906,0.490566037735849,0.4905660377358491,0.469058044860608,0.4783490066175428,0.4830009154980698,0.271013754457463,0.29257987119726864,0.0,13.0,7.0,6.0,0.0,17.0,3.0,7.0,47.0,19.0,32.0,34.0,6.0,4.0,11.0,6.0
KNearestNeighbours,KNN-29-3,0.35900383141762454,0.4528301886792453,0.41700281934504446,0.37785947712418305,0.4528301886792453,0.4528301886792453,0.4528301886792453,0.37785947712418305,0.35554300771692077,0.4528301886792453,0.41924933147246524,0.3648630107084277,0.3705428281699468,0.37334142746351795,0.4528301886792453,0.4528301886792453,0.4528301886792453,0.434339643822782,0.44255925292062165,0.4465194052971716,0.2069143446852425,0.21907034843943057,0.0,12.0,7.0,5.0,0.0,17.0,8.0,4.0,47.0,19.0,27.0,37.0,6.0,5.0,11.0,7.0
KNearestNeighbours,KNN-30-3,0.35344827586206895,0.4528301886792453,0.41574495770982434,0.37785947712418305,0.4528301886792453,0.4528301886792453,0.4528301886792453,0.37785947712418305,0.3534461462450593,0.4528301886792453,0.41885114475352375,0.3641419819938988,0.37019918640681354,0.37314316952365845,0.4528301886792453,0.4528301886792453,0.4528301886792453,0.4342162095467559,0.4425024128413959,0.44648707295600965,0.2093621399176956,0.2216822949434509,0.0,12.0,7.0,5.0,0.0,17.0,7.0,5.0,47.0,19.0,28.0,36.0,6.0,5.0,11.0,7.0
KNearestNeighbours,KNN-31-3,0.3768518518518519,0.4716981132075472,0.4363382250174703,0.3978758169934641,0.4716981132075472,0.4716981132075472,0.4716981132075472,0.3978758169934641,0.3790106951871658,0.4716981132075472,0.4436989203914842,0.387683550569213,0.3922559724073721,0.3944342440757014,0.4716981132075472,0.4716981132075472,0.4716981132075472,0.4571852829566079,0.4637824800866522,0.46687065175382647,0.23583934088568503,0.24566969314329387,0.0,11.0,8.0,6.0,0.0,16.0,8.0,4.0,47.0,20.0,27.0,37.0,6.0,6.0,10.0,6.0
KNearestNeighbours,KNN-32-3,0.3768518518518519,0.4716981132075472,0.4363382250174703,0.3978758169934641,0.4716981132075472,0.4716981132075472,0.4716981132075472,0.3978758169934641,0.3790106951871658,0.4716981132075472,0.4436989203914842,0.387683550569213,0.3922559724073721,0.3944342440757014,0.4716981132075472,0.4716981132075472,0.4716981132075472,0.4571852829566079,0.4637824800866522,0.46687065175382647,0.23583934088568503,0.24566969314329387,0.0,11.0,8.0,6.0,0.0,16.0,8.0,4.0,47.0,20.0,27.0,37.0,6.0,6.0,10.0,6.0
KNearestNeighbours,KNN-1-4,0.6448070607553366,0.5660377358490566,0.6222232549493448,0.5383986928104575,0.5660377358490566,0.5660377358490566,0.5660377358490566,0.5383986928104575,0.558665458937198,0.5660377358490566,0.562113754443533,0.5393957744263426,0.5376465261900834,0.5376418799555254,0.5660377358490566,0.5660377358490566,0.5660377358490566,0.5568980946248965,0.5600774426751209,0.5621771703224298,0.38058943089430897,0.40222802854960815,3.0,13.0,10.0,4.0,1.0,16.0,4.0,2.0,46.0,20.0,31.0,39.0,3.0,4.0,8.0,8.0
KNearestNeighbours,KNN-2-4,0.6610720375106565,0.5660377358490566,0.6146310862326884,0.4889705882352941,0.5660377358490566,0.5660377358490566,0.5660377358490566,0.4889705882352941,0.49702380952380953,0.5660377358490566,0.552021563342318,0.48754115734452813,0.4876735229388861,0.4880755703426592,0.5660377358490566,0.5660377358490566,0.5660377358490566,0.5574268428201012,0.5612991941125176,0.5631476010837263,0.3786952089704383,0.38514804836280964,1.0,12.0,12.0,5.0,0.0,11.0,5.0,7.0,47.0,25.0,30.0,34.0,5.0,5.0,6.0,7.0
KNearestNeighbours,KNN-3-4,0.643354490337249,0.5849056603773585,0.630381004811714,0.5531045751633987,0.5849056603773585,0.5849056603773585,0.5849056603773585,0.5531045751633987,0.5687273935188603,0.5849056603773585,0.5776105828624593,0.5523088570010947,0.5514317017315518,0.5517975675720797,0.5849056603773585,0.5849056603773586,0.5849056603773585,0.5742301624368513,0.5781131826788244,0.5805372817828249,0.4093211752786221,0.43215699831049476,3.0,14.0,10.0,4.0,1.0,15.0,3.0,3.0,46.0,21.0,32.0,38.0,3.0,3.0,8.0,8.0
KNearestNeighbours,KNN-4-4,0.6625781625781626,0.5471698113207547,0.613148556544783,0.47589869281045755,0.5471698113207547,0.5471698113207547,0.5471698113207547,0.47589869281045755,0.48410149632975724,0.5471698113207547,0.532587388001662,0.47233367217808025,0.47309757236227823,0.4740053214622,0.5471698113207547,0.5471698113207547,0.5471698113207547,0.5354988865877368,0.5403391774090998,0.5429027293595221,0.3510204081632653,0.36503980377376505,1.0,13.0,10.0,5.0,0.0,14.0,4.0,6.0,47.0,22.0,31.0,35.0,5.0,4.0,8.0,7.0
KNearestNeighbours,KNN-5-4,0.6477777777777778,0.5471698113207547,0.5942138364779874,0.46813725490196073,0.5471698113207547,0.5471698113207547,0.5471698113207547,0.46813725490196073,0.47619047619047616,0.5471698113207547,0.5283018867924527,0.46567628749292583,0.46613062343399414,0.46677538580138983,0.5471698113207547,0.5471698113207547,0.5471698113207547,0.5354390236089309,0.5406442896372936,0.5431701049256146,0.34635149023638234,0.3559989805633694,1.0,12.0,12.0,4.0,0.0,13.0,6.0,5.0,47.0,23.0,29.0,36.0,5.0,5.0,6.0,8.0
KNearestNeighbours,KNN-6-4,0.3828947368421053,0.5283018867924528,0.46544190665342605,0.4264705882352941,0.5283018867924528,0.5283018867924528,0.5283018867924528,0.4264705882352941,0.39941271648588716,0.5283018867924528,0.490387387764286,0.41408553964775857,0.4199831444891844,0.4225794916405101,0.5283018867924528,0.5283018867924528,0.5283018867924528,0.5111890457425238,0.5193758867253135,0.5229572118628212,0.31665807117070655,0.3248562662949873,0.0,12.0,12.0,4.0,0.0,12.0,7.0,6.0,47.0,24.0,28.0,35.0,6.0,5.0,6.0,8.0
KNearestNeighbours,KNN-7-4,0.44224537037037037,0.5660377358490566,0.5237770789657582,0.46895424836601307,0.5660377358490566,0.5660377358490566,0.5660377358490566,0.46895424836601307,0.44585561497326204,0.5660377358490566,0.532791847442236,0.45661297640653364,0.4621685816458241,0.4648031271948705,0.5660377358490566,0.5660377358490566,0.5660377358490566,0.548839160360237,0.5566616641254716,0.5603205991122838,0.37229660144181265,0.3878148212720556,0.0,13.0,11.0,6.0,0.0,14.0,5.0,4.0,47.0,22.0,30.0,37.0,6.0,4.0,7.0,6.0
KNearestNeighbours,KNN-8-4,0.4514705882352942,0.5849056603773585,0.5359600443951166,0.4828431372549019,0.5849056603773585,0.5849056603773585,0.5849056603773585,0.4828431372549019,0.4589549984898822,0.5849056603773585,0.55032795199535,0.4707220110958147,0.47628065524098095,0.478853423080233,0.5849056603773585,0.5849056603773586,0.5849056603773585,0.5678688143648012,0.575756655405345,0.5793609953438625,0.3992787223080886,0.4133169332427936,0.0,13.0,12.0,6.0,0.0,13.0,5.0,4.0,47.0,23.0,30.0,37.0,6.0,4.0,6.0,6.0
KNearestNeighbours,KNN-9-4,0.4333791208791209,0.5471698113207547,0.5233775658303961,0.4550653594771242,0.5471698113207547,0.5471698113207547,0.5471698113207547,0.4550653594771242,0.4307347670250896,0.5471698113207547,0.5176438763778994,0.44132965686274506,0.4474151539068666,0.4503626799557032,0.5471698113207547,0.5471698113207547,0.5471698113207547,0.5301632445431003,0.5376539440961415,0.5413103073612069,0.3493606138107418,0.3676406790745538,0.0,13.0,10.0,6.0,0.0,15.0,3.0,6.0,47.0,21.0,32.0,35.0,6.0,4.0,8.0,6.0
KNearestNeighbours,KNN-10-4,0.4417989417989418,0.5660377358490566,0.534491364680044,0.46895424836601307,0.5660377358490566,0.5660377358490566,0.5660377358490566,0.46895424836601307,0.44460227272727276,0.5660377358490566,0.5362349914236707,0.45593635250917997,0.4618055555555556,0.4645839331989634,0.5660377358490566,0.5660377358490566,0.5660377358490566,0.5498718274404748,0.5571278825995807,0.5605832595385426,0.37615148413510746,0.3924347445571457,0.0,13.0,11.0,6.0,0.0,14.0,3.0,6.0,47.0,22.0,32.0,35.0,6.0,4.0,7.0,6.0
KNearestNeighbours,KNN-11-4,0.46190476190476193,0.5660377358490566,0.5432165318957772,0.46977124183006536,0.5660377358490566,0.5660377358490566,0.5660377358490566,0.46977124183006536,0.44804331306990886,0.5660377358490566,0.5327321213511499,0.455499213149152,0.46150741335167567,0.46461401601265195,0.5660377358490566,0.5660377358490566,0.5660377358490566,0.545731375388889,0.5544638370187396,0.5588557276096091,0.37132542547705005,0.39694209301872235,0.0,14.0,10.0,6.0,0.0,16.0,4.0,3.0,47.0,20.0,31.0,38.0,6.0,3.0,8.0,6.0
KNearestNeighbours,KNN-12-4,0.45833333333333337,0.5849056603773585,0.5452830188679245,0.48366013071895425,0.5849056603773585,0.5849056603773585,0.5849056603773585,0.48366013071895425,0.45858585858585854,0.5849056603773585,0.5494949494949495,0.4696479885057472,0.47585604145207105,0.47886138613861384,0.5849056603773585,0.5849056603773586,0.5849056603773585,0.5656988722619823,0.574288808753558,0.5783959150632044,0.39989706639217704,0.41971191100002647,0.0,14.0,11.0,6.0,0.0,14.0,4.0,4.0,47.0,22.0,31.0,37.0,6.0,3.0,7.0,6.0
KNearestNeighbours,KNN-13-4,0.4064102564102564,0.5094339622641509,0.4873246250604741,0.42034313725490197,0.5094339622641509,0.5094339622641509,0.5094339622641509,0.42034313725490197,0.39709552629936984,0.5094339622641509,0.4775549750362302,0.40592788839673805,0.41209926037655964,0.41522145162966273,0.5094339622641509,0.509433962264151,0.5094339622641509,0.49013841060171637,0.4984602141904747,0.5026302634456226,0.29151670951156816,0.31182854693393103,0.0,13.0,9.0,5.0,0.0,17.0,4.0,5.0,47.0,19.0,31.0,36.0,6.0,4.0,9.0,7.0
KNearestNeighbours,KNN-14-4,0.4141483516483516,0.5283018867924528,0.49725274725274726,0.4411764705882353,0.5283018867924528,0.5283018867924528,0.5283018867924528,0.4411764705882353,0.4146057347670251,0.5283018867924528,0.49573273821600056,0.42662377450980393,0.43312943962115236,0.43624307862679956,0.5283018867924528,0.5283018867924528,0.5283018867924528,0.5101854421013688,0.5182469360098882,0.5221289621596774,0.32225063938618936,0.33911219299702616,0.0,13.0,9.0,6.0,0.0,15.0,4.0,6.0,47.0,21.0,31.0,35.0,6.0,4.0,9.0,6.0
KNearestNeighbours,KNN-15-4,0.4036172161172161,0.5094339622641509,0.49305411569562513,0.4195261437908497,0.5094339622641509,0.5094339622641509,0.5094339622641509,0.4195261437908497,0.3987903225806452,0.5094339622641509,0.48452018665043617,0.4074754901960784,0.41276966587740066,0.41536267995570325,0.5094339622641509,0.509433962264151,0.5094339622641509,0.494589345172031,0.5010647644860091,0.5042662822039742,0.29514066496163693,0.3105837069194986,0.0,12.0,10.0,5.0,0.0,16.0,3.0,7.0,47.0,20.0,32.0,34.0,6.0,5.0,8.0,7.0
KNearestNeighbours,KNN-16-4,0.41880341880341887,0.5283018867924528,0.5083051120786971,0.440359477124183,0.5283018867924528,0.5283018867924528,0.5283018867924528,0.440359477124183,0.41765395894428153,0.5283018867924528,0.5027477452553534,0.42790438004364817,0.4334907516725699,0.4361548190643853,0.5283018867924528,0.5283018867924528,0.5283018867924528,0.5137116366725113,0.5201785064563795,0.5233114504053881,0.32397959183673475,0.3388475782446047,0.0,12.0,10.0,6.0,0.0,15.0,3.0,7.0,47.0,21.0,32.0,34.0,6.0,5.0,8.0,6.0
KNearestNeighbours,KNN-17-4,0.41436251920122885,0.5094339622641509,0.4903051908529693,0.4133986928104575,0.5094339622641509,0.5094339622641509,0.5094339622641509,0.4133986928104575,0.39219497607655496,0.5094339622641509,0.47490671361078507,0.39872866597004525,0.40482989437484646,0.40803439640446454,0.5094339622641509,0.509433962264151,0.5094339622641509,0.48811471908414,0.4972504553607431,0.5018651386329493,0.28526970954356845,0.3087557552098817,0.0,13.0,10.0,4.0,0.0,18.0,5.0,3.0,47.0,18.0,30.0,38.0,6.0,4.0,8.0,8.0
KNearestNeighbours,KNN-18-4,0.4310064935064935,0.5471698113207547,0.5150085763293311,0.4550653594771242,0.5471698113207547,0.5471698113207547,0.5471698113207547,0.4550653594771242,0.43112922705314016,0.5471698113207547,0.5157187129705587,0.4417383146104323,0.44765388576324555,0.4505109070346568,0.5471698113207547,0.5471698113207547,0.5471698113207547,0.5297590162451071,0.5375025971079467,0.5412328361265182,0.34735761929194475,0.36483750042133956,0.0,13.0,10.0,6.0,0.0,15.0,4.0,5.0,47.0,21.0,31.0,36.0,6.0,4.0,8.0,6.0
KNearestNeighbours,KNN-19-4,0.3941532258064516,0.5094339622641509,0.47032866707242843,0.40727124183006536,0.5094339622641509,0.5094339622641509,0.5094339622641509,0.40727124183006536,0.37622549019607837,0.5094339622641509,0.4623566407695153,0.3882575757575758,0.3964563031908055,0.4005662079365831,0.5094339622641509,0.509433962264151,0.5094339622641509,0.4826567562416619,0.4944346584169727,0.5001855448702764,0.2830385015608742,0.30714881171983505,0.0,14.0,10.0,3.0,0.0,17.0,6.0,3.0,47.0,19.0,29.0,38.0,6.0,3.0,8.0,9.0
KNearestNeighbours,KNN-20-4,0.44772465437788017,0.5471698113207547,0.5289540039996522,0.44893790849673204,0.5471698113207547,0.5471698113207547,0.5471698113207547,0.44893790849673204,0.42708333333333337,0.5471698113207547,0.5125786163522013,0.43372365683412195,0.44002146653945756,0.4433481137848884,0.5471698113207547,0.5471698113207547,0.5471698113207547,0.5253294557814084,0.5346126250768269,0.5393506725407015,0.3422957600827302,0.36998786189833455,0.0,14.0,10.0,5.0,0.0,17.0,4.0,3.0,47.0,19.0,31.0,38.0,6.0,3.0,8.0,7.0
KNearestNeighbours,KNN-21-4,0.3941532258064516,0.5094339622641509,0.47032866707242843,0.40727124183006536,0.5094339622641509,0.5094339622641509,0.5094339622641509,0.40727124183006536,0.37622549019607837,0.5094339622641509,0.4623566407695153,0.3882575757575758,0.3964563031908055,0.4005662079365831,0.5094339622641509,0.509433962264151,0.5094339622641509,0.4826567562416619,0.4944346584169727,0.5001855448702764,0.2830385015608742,0.30714881171983505,0.0,14.0,10.0,3.0,0.0,17.0,6.0,3.0,47.0,19.0,29.0,38.0,6.0,3.0,8.0,9.0
KNearestNeighbours,KNN-22-4,0.4224270353302611,0.5283018867924528,0.5006521172071994,0.42810457516339867,0.5283018867924528,0.5283018867924528,0.5283018867924528,0.42810457516339867,0.40261164274322164,0.5283018867924528,0.4882714934849989,0.4113549285963079,0.4184168508965856,0.42206079904472854,0.5283018867924528,0.5283018867924528,0.5283018867924528,0.5043144522650053,0.5146827769358046,0.5198612778695144,0.31275933609958506,0.3385085825301066,0.0,14.0,10.0,4.0,0.0,17.0,5.0,3.0,47.0,19.0,30.0,38.0,6.0,3.0,8.0,8.0
KNearestNeighbours,KNN-23-4,0.3717261904761905,0.49056603773584906,0.448292902066487,0.3925653594771242,0.49056603773584906,0.49056603773584906,0.49056603773584906,0.3925653594771242,0.3643040642908899,0.49056603773584906,0.4487163074995681,0.376043599257885,0.38326245792189556,0.386820003205291,0.49056603773584906,0.490566037735849,0.4905660377358491,0.46746245668078557,0.4777225861398288,0.4826710133792396,0.25739491437467565,0.275825383466479,0.0,13.0,10.0,3.0,0.0,17.0,6.0,4.0,47.0,19.0,29.0,37.0,6.0,4.0,8.0,9.0
KNearestNeighbours,KNN-24-4,0.4257936507936508,0.5283018867924528,0.5073674752920037,0.43423202614379086,0.5283018867924528,0.5283018867924528,0.5283018867924528,0.43423202614379086,0.41359549138804463,0.5283018867924528,0.49751964214027644,0.42081428654693215,0.42647868979836195,0.4293968897235676,0.5283018867924528,0.5283018867924528,0.5283018867924528,0.509505365620533,0.5175845393909112,0.521650463165865,0.31665807117070655,0.338503395990966,0.0,13.0,10.0,5.0,0.0,17.0,4.0,4.0,47.0,19.0,31.0,37.0,6.0,4.0,8.0,7.0
KNearestNeighbours,KNN-25-4,0.4220588235294117,0.5094339622641509,0.48971513133555306,0.4133986928104575,0.5094339622641509,0.5094339622641509,0.5094339622641509,0.4133986928104575,0.3922661263086795,0.5094339622641509,0.47213779128672745,0.39885835732545205,0.4049797311301883,0.4081498680212175,0.5094339622641509,0.509433962264151,0.5094339622641509,0.4874021546997712,0.4970357541475023,0.5017810633481397,0.2826652785007808,0.30386240935123715,0.0,13.0,10.0,4.0,0.0,17.0,7.0,2.0,47.0,19.0,28.0,39.0,6.0,4.0,8.0,8.0
KNearestNeighbours,KNN-26-4,0.4431547619047619,0.5283018867924528,0.5129829290206649,0.43423202614379086,0.5283018867924528,0.5283018867924528,0.5283018867924528,0.43423202614379086,0.4169356432382584,0.5283018867924528,0.496382643150015,0.42149814471243047,0.42674071879146075,0.429533571044487,0.5283018867924528,0.5283018867924528,0.5283018867924528,0.5086288374698078,0.5170991242858503,0.5213549993468134,0.3124026984950701,0.3347719371911701,0.0,13.0,10.0,5.0,0.0,17.0,6.0,2.0,47.0,19.0,29.0,39.0,6.0,4.0,8.0,7.0
KNearestNeighbours,KNN-27-4,0.3576388888888889,0.49056603773584906,0.43501048218029353,0.39174836601307195,0.49056603773584906,0.49056603773584906,0.49056603773584906,0.39174836601307195,0.36414141414141415,0.49056603773584906,0.45042881646655236,0.3776368003341688,0.3840996168582376,0.38709633965068746,0.49056603773584906,0.490566037735849,0.4905660377358491,0.47077599659526176,0.47993927564519634,0.48412570202562,0.25854922279792747,0.27018118515079154,0.0,12.0,11.0,3.0,0.0,15.0,7.0,5.0,47.0,21.0,28.0,36.0,6.0,5.0,7.0,9.0
KNearestNeighbours,KNN-28-4,0.3576388888888889,0.49056603773584906,0.43501048218029353,0.39174836601307195,0.49056603773584906,0.49056603773584906,0.49056603773584906,0.39174836601307195,0.36414141414141415,0.49056603773584906,0.45042881646655236,0.3776368003341688,0.3840996168582376,0.38709633965068746,0.49056603773584906,0.490566037735849,0.4905660377358491,0.47077599659526176,0.47993927564519634,0.48412570202562,0.25854922279792747,0.27018118515079154,0.0,12.0,11.0,3.0,0.0,15.0,7.0,5.0,47.0,21.0,28.0,36.0,6.0,5.0,7.0,9.0
KNearestNeighbours,KNN-29-4,0.41235632183908044,0.5471698113207547,0.494469746258946,0.43504901960784315,0.5471698113207547,0.5471698113207547,0.5471698113207547,0.43504901960784315,0.4021739130434782,0.5471698113207547,0.49712879409351923,0.4165234822451317,0.42476383265856943,0.4287350246652572,0.5471698113207547,0.5471698113207547,0.5471698113207547,0.5207806522725799,0.5327324115804751,0.5383541425665164,0.33750000000000013,0.3599040383829413,0.0,14.0,12.0,3.0,0.0,15.0,6.0,3.0,47.0,21.0,29.0,38.0,6.0,3.0,6.0,9.0
KNearestNeighbours,KNN-30-4,0.3989661654135338,0.5283018867924528,0.47662789048091925,0.4203431372549019,0.5283018867924528,0.5283018867924528,0.5283018867924528,0.4203431372549019,0.38993993993993986,0.5283018867924528,0.48109241316788476,0.4035504426129426,0.41109334108752543,0.4146843845622347,0.5283018867924528,0.5283018867924528,0.5283018867924528,0.5039977710968278,0.5151234178430544,0.5202859335162205,0.30953621677957266,0.3278792861021053,0.0,13.0,12.0,3.0,0.0,15.0,7.0,3.0,47.0,21.0,28.0,38.0,6.0,4.0,6.0,9.0
KNearestNeighbours,KNN-31-4,0.42647058823529416,0.5660377358490566,0.5133185349611543,0.44975490196078427,0.5660377358490566,0.5660377358490566,0.5660377358490566,0.44975490196078427,0.41433637284701114,0.5660377358490566,0.51309284854046,0.42931030089938593,0.43830527183422424,0.44269976937982586,0.5660377358490566,0.5660377358490566,0.5660377358490566,0.5373277146347197,0.5501766051414256,0.5563124148861465,0.3654346694429984,0.3928386949623729,0.0,15.0,12.0,3.0,0.0,15.0,5.0,3.0,47.0,21.0,30.0,38.0,6.0,2.0,6.0,9.0
KNearestNeighbours,KNN-32-4,0.44001738626485076,0.5660377358490566,0.5239607879586448,0.45588235294117646,0.5660377358490566,0.5660377358490566,0.5660377358490566,0.45588235294117646,0.4288656423667865,0.5660377358490566,0.5234587699766233,0.4398607878858081,0.4468619794099512,0.45031466903714146,0.5660377358490566,0.5660377358490566,0.5660377358490566,0.5427643219136589,0.5531674571046525,0.5581454196221541,0.36708203530633443,0.3900141355171679,0.0,14.0,12.0,4.0,0.0,15.0,5.0,3.0,47.0,21.0,30.0,38.0,6.0,3.0,6.0,8.0
KNearestNeighbours,KNN-1-5,0.3839285714285714,0.4528301886792453,0.45417789757412397,0.36070261437908496,0.4528301886792453,0.4528301886792453,0.4528301886792453,0.36070261437908496,0.35366993922393647,0.4528301886792453,0.4329831432427427,0.3538956639566395,0.3566025843050741,0.358116830426957,0.4528301886792453,0.4528301886792453,0.4528301886792453,0.4401135143426906,0.4456112601014456,0.4483666560332431,0.21781170483460555,0.2267030561306608,0.0,13.0,8.0,3.0,5.0,15.0,6.0,3.0,42.0,20.0,30.0,38.0,6.0,5.0,9.0,9.0
KNearestNeighbours,KNN-2-5,0.3820588235294118,0.4716981132075472,0.4513207547169812,0.3831699346405229,0.4716981132075472,0.4716981132075472,0.4716981132075472,0.3831699346405229,0.3749658002735978,0.4716981132075472,0.4530057042562528,0.37809711513471367,0.38032454361054774,0.381419845893629,0.4716981132075472,0.4716981132075472,0.4716981132075472,0.46211131797593574,0.4665314401622718,0.46856591717403095,0.24130879345603262,0.24627625928619326,0.0,11.0,10.0,4.0,3.0,14.0,7.0,4.0,44.0,21.0,29.0,37.0,6.0,7.0,7.0,8.0
KNearestNeighbours,KNN-3-5,0.3122685185185185,0.39622641509433965,0.37295597484276727,0.318218954248366,0.39622641509433965,0.39622641509433965,0.39622641509433965,0.318218954248366,0.3065972222222222,0.39622641509433965,0.37429245283018864,0.3112748613501626,0.31432448458310525,0.31582123499806425,0.39622641509433965,0.39622641509433965,0.39622641509433965,0.3845841587373754,0.3898673978374695,0.39234895799092756,0.13203684749232336,0.13611957743790087,0.0,11.0,7.0,3.0,3.0,16.0,8.0,5.0,44.0,19.0,28.0,36.0,6.0,7.0,10.0,9.0
KNearestNeighbours,KNN-4-5,0.3291666666666667,0.41509433962264153,0.39245283018867927,0.3398692810457516,0.41509433962264153,0.41509433962264153,0.41509433962264153,0.3398692810457516,0.33116883116883117,0.41509433962264153,0.39957526749979577,0.3354628489326765,0.33749756012867427,0.3384319201150884,0.41509433962264153,0.41509433962264153,0.41509433962264153,0.4077013043343557,0.41118024987008894,0.41273724614841745,0.16471784443314685,0.16695956724282832,0.0,10.0,8.0,4.0,3.0,14.0,8.0,6.0,44.0,21.0,28.0,35.0,6.0,8.0,9.0,8.0
KNearestNeighbours,KNN-5-5,0.36230517848164906,0.4528301886792453,0.42041606192549585,0.3745915032679739,0.4528301886792453,0.4528301886792453,0.4528301886792453,0.3745915032679739,0.36169467787114845,0.4528301886792453,0.4285714285714286,0.3676023040795266,0.3707612614058171,0.3722538021768266,0.4528301886792453,0.4528301886792453,0.4528301886792453,0.4408528058691203,0.4464173589023047,0.44895041676606756,0.2069143446852425,0.21276302516465084,0.0,11.0,8.0,5.0,1.0,15.0,9.0,4.0,46.0,20.0,27.0,37.0,6.0,7.0,9.0,7.0
KNearestNeighbours,KNN-6-5,0.3557692307692308,0.4528301886792453,0.41203031769069504,0.3745915032679739,0.4528301886792453,0.4528301886792453,0.4528301886792453,0.3745915032679739,0.35833333333333334,0.4528301886792453,0.42425876010781677,0.36623431502343906,0.3700732669097731,0.3718481226636421,0.4528301886792453,0.4528301886792453,0.4528301886792453,0.43909765009904567,0.44553464898285194,0.4484299222963212,0.20238713025428112,0.20895245307366614,0.0,11.0,8.0,5.0,0.0,15.0,10.0,4.0,47.0,20.0,26.0,37.0,6.0,7.0,9.0,7.0
KNearestNeighbours,KNN-7-5,0.3957142857142857,0.4716981132075472,0.4486253369272237,0.38929738562091504,0.4716981132075472,0.4716981132075472,0.4716981132075472,0.38929738562091504,0.37790697674418605,0.4716981132075472,0.4448627052493014,0.3817934353379737,0.385064820530911,0.3866910170475314,0.4716981132075472,0.4716981132075472,0.4716981132075472,0.45766484225534515,0.4641269820139875,0.4671085822024379,0.22627737226277378,0.23484848484848486,0.0,11.0,9.0,5.0,0.0,14.0,12.0,2.0,47.0,21.0,24.0,39.0,6.0,7.0,8.0,7.0
KNearestNeighbours,KNN-8-5,0.37875000000000003,0.4716981132075472,0.43528301886792453,0.38929738562091504,0.4716981132075472,0.4716981132075472,0.4716981132075472,0.38929738562091504,0.37452859836580765,0.4716981132075472,0.4430108036953144,0.38120062926763965,0.38487524768727505,0.3866041730491488,0.4716981132075472,0.4716981132075472,0.4716981132075472,0.45767000457235824,0.4642373532652688,0.467198638807528,0.22828913156526254,0.23575180845564483,0.0,11.0,9.0,5.0,0.0,14.0,11.0,3.0,47.0,21.0,25.0,38.0,6.0,7.0,8.0,7.0
KNearestNeighbours,KNN-9-5,0.43518518518518523,0.4716981132075472,0.48742138364779874,0.38929738562091504,0.4716981132075472,0.4716981132075472,0.4716981132075472,0.38929738562091504,0.3896825396825397,0.4716981132075472,0.4567834681042229,0.38544358311800175,0.3867307156780841,0.3876324824600687,0.4716981132075472,0.4716981132075472,0.4716981132075472,0.4613378187314125,0.46578710928264055,0.4680414142352984,0.23228142783238503,0.24140287350785067,0.0,11.0,9.0,5.0,2.0,16.0,9.0,1.0,45.0,19.0,27.0,40.0,6.0,7.0,8.0,7.0
KNearestNeighbours,KNN-10-5,0.3966346153846154,0.49056603773584906,0.45863570391872277,0.40318627450980393,0.49056603773584906,0.49056603773584906,0.49056603773584906,0.40318627450980393,0.38993506493506497,0.49056603773584906,0.46341582945356535,0.3954823208353109,0.3989120361431826,0.40056693388974307,0.49056603773584906,0.490566037735849,0.4905660377358491,0.47684716712485786,0.483191394646863,0.4860987364748104,0.25969994826694265,0.267722710306945,0.0,12.0,9.0,5.0,1.0,14.0,9.0,3.0,46.0,21.0,27.0,38.0,6.0,6.0,8.0,7.0
KNearestNeighbours,KNN-11-5,0.44047619047619047,0.49056603773584906,0.4946091644204852,0.40318627450980393,0.49056603773584906,0.49056603773584906,0.49056603773584906,0.40318627450980393,0.39789510006901313,0.49056603773584906,0.46794015391226224,0.3965546942291129,0.3991228070175439,0.4006121891106614,0.49056603773584906,0.490566037735849,0.4905660377358491,0.47643215835405395,0.4826216484607746,0.48567422327006593,0.25507548152004156,0.2675310260384062,0.0,12.0,9.0,5.0,1.0,16.0,9.0,1.0,46.0,19.0,27.0,40.0,6.0,6.0,8.0,7.0
KNearestNeighbours,KNN-12-5,0.44047619047619047,0.49056603773584906,0.4946091644204852,0.40318627450980393,0.49056603773584906,0.49056603773584906,0.49056603773584906,0.40318627450980393,0.39789510006901313,0.49056603773584906,0.46794015391226224,0.3965546942291129,0.3991228070175439,0.4006121891106614,0.49056603773584906,0.490566037735849,0.4905660377358491,0.47643215835405395,0.4826216484607746,0.48567422327006593,0.25507548152004156,0.2675310260384062,0.0,12.0,9.0,5.0,1.0,16.0,9.0,1.0,46.0,19.0,27.0,40.0,6.0,6.0,8.0,7.0
KNearestNeighbours,KNN-13-5,0.44022331154684097,0.5283018867924528,0.5031446540880503,0.43790849673202614,0.5283018867924528,0.5283018867924528,0.5283018867924528,0.43790849673202614,0.42679738562091507,0.5283018867924528,0.5018867924528302,0.4304229267464562,0.4336209579617287,0.435249766573296,0.5283018867924528,0.5283018867924528,0.5283018867924528,0.5140896839010047,0.5205254515599343,0.5235579514824797,0.31418219461697716,0.3254041081486671,0.0,13.0,9.0,6.0,1.0,14.0,8.0,2.0,46.0,21.0,28.0,39.0,6.0,5.0,8.0,6.0
KNearestNeighbours,KNN-14-5,0.44022331154684097,0.5283018867924528,0.5031446540880503,0.43790849673202614,0.5283018867924528,0.5283018867924528,0.5283018867924528,0.43790849673202614,0.42679738562091507,0.5283018867924528,0.5018867924528302,0.4304229267464562,0.4336209579617287,0.435249766573296,0.5283018867924528,0.5283018867924528,0.5283018867924528,0.5140896839010047,0.5205254515599343,0.5235579514824797,0.31418219461697716,0.3254041081486671,0.0,13.0,9.0,6.0,1.0,14.0,8.0,2.0,46.0,21.0,28.0,39.0,6.0,5.0,8.0,6.0
KNearestNeighbours,KNN-15-5,0.44022331154684097,0.5283018867924528,0.5031446540880503,0.43790849673202614,0.5283018867924528,0.5283018867924528,0.5283018867924528,0.43790849673202614,0.42679738562091507,0.5283018867924528,0.5018867924528302,0.4304229267464562,0.4336209579617287,0.435249766573296,0.5283018867924528,0.5283018867924528,0.5283018867924528,0.5140896839010047,0.5205254515599343,0.5235579514824797,0.31418219461697716,0.3254041081486671,0.0,13.0,9.0,6.0,1.0,14.0,8.0,2.0,46.0,21.0,28.0,39.0,6.0,5.0,8.0,6.0
KNearestNeighbours,KNN-16-5,0.44022331154684097,0.5283018867924528,0.5031446540880503,0.43790849673202614,0.5283018867924528,0.5283018867924528,0.5283018867924528,0.43790849673202614,0.42679738562091507,0.5283018867924528,0.5018867924528302,0.4304229267464562,0.4336209579617287,0.435249766573296,0.5283018867924528,0.5283018867924528,0.5283018867924528,0.5140896839010047,0.5205254515599343,0.5235579514824797,0.31418219461697716,0.3254041081486671,0.0,13.0,9.0,6.0,1.0,14.0,8.0,2.0,46.0,21.0,28.0,39.0,6.0,5.0,8.0,6.0
KNearestNeighbours,KNN-17-5,0.40714285714285714,0.4528301886792453,0.45970350404312665,0.36151960784313725,0.4528301886792453,0.4528301886792453,0.4528301886792453,0.36151960784313725,0.3458064042303173,0.4528301886792453,0.41814291732257275,0.34995629370629366,0.35491682602459906,0.3574365761563859,0.4528301886792453,0.4528301886792453,0.4528301886792453,0.43310792980604296,0.4420120264670839,0.4462308752966819,0.1957090528519101,0.20772239252348773,0.0,12.0,9.0,3.0,1.0,16.0,11.0,1.0,46.0,19.0,25.0,40.0,6.0,6.0,8.0,9.0
KNearestNeighbours,KNN-18-5,0.4278846153846154,0.5094339622641509,0.4869375907111756,0.42401960784313725,0.5094339622641509,0.5094339622641509,0.5094339622641509,0.42401960784313725,0.41493506493506493,0.5094339622641509,0.4860573388875276,0.4178037494067395,0.42046376028111365,0.42181693388974306,0.5094339622641509,0.509433962264151,0.5094339622641509,0.4970628005480384,0.5027099372623477,0.5053440194936784,0.2871184687015004,0.29598825541903284,0.0,12.0,9.0,6.0,1.0,14.0,9.0,2.0,46.0,21.0,27.0,39.0,6.0,6.0,8.0,6.0
KNearestNeighbours,KNN-19-5,0.36388888888888893,0.4528301886792453,0.4272536687631027,0.3553921568627451,0.4528301886792453,0.4528301886792453,0.4528301886792453,0.3553921568627451,0.3303571428571429,0.4528301886792453,0.4097035040431267,0.3404845838156371,0.34709168755221387,0.3502964295672726,0.4528301886792453,0.4528301886792453,0.4528301886792453,0.4298046892838209,0.44027127567346036,0.44517584350493,0.19486642221058148,0.20923033327296506,0.0,12.0,10.0,2.0,1.0,18.0,8.0,2.0,46.0,17.0,28.0,39.0,6.0,6.0,7.0,10.0
KNearestNeighbours,KNN-20-5,0.38020532099479465,0.4716981132075472,0.4418848281807567,0.3831699346405229,0.4716981132075472,0.4716981132075472,0.4716981132075472,0.3831699346405229,0.3691520467836257,0.4716981132075472,0.44334105704512855,0.3748933742776107,0.3785819546931136,0.38036059596249905,0.4716981132075472,0.4716981132075472,0.4716981132075472,0.4572790966507855,0.4639537522137328,0.46700979647464114,0.23029045643153534,0.23829840344782138,0.0,11.0,10.0,4.0,1.0,15.0,9.0,3.0,46.0,20.0,27.0,38.0,6.0,7.0,7.0,8.0
KNearestNeighbours,KNN-21-5,0.4387218045112782,0.49056603773584906,0.49550290821393106,0.39705882352941174,0.49056603773584906,0.49056603773584906,0.49056603773584906,0.39705882352941174,0.38697073032111395,0.49056603773584906,0.46193976633584793,0.38801778356104966,0.3917391492726465,0.3937349312725817,0.49056603773584906,0.490566037735849,0.4905660377358491,0.473555034515494,0.4811307470468605,0.484785973998408,0.2531315240083508,0.26689443965202,0.0,12.0,10.0,4.0,1.0,16.0,9.0,1.0,46.0,19.0,27.0,40.0,6.0,6.0,7.0,8.0
KNearestNeighbours,KNN-22-5,0.40810359231411864,0.49056603773584906,0.46460490849765923,0.40318627450980393,0.49056603773584906,0.49056603773584906,0.49056603773584906,0.40318627450980393,0.3899122807017543,0.49056603773584906,0.4606752730883814,0.3944618599791013,0.39823976439244385,0.40013198047182397,0.49056603773584906,0.490566037735849,0.4905660377358491,0.4746554681492873,0.48191153905902934,0.48530028920270335,0.2531315240083506,0.2643249989427,0.0,12.0,9.0,5.0,0.0,15.0,10.0,2.0,47.0,20.0,26.0,39.0,6.0,6.0,8.0,7.0
KNearestNeighbours,KNN-23-5,0.4899122807017544,0.49056603773584906,0.5424031777557101,0.3901143790849673,0.49056603773584906,0.49056603773584906,0.49056603773584906,0.3901143790849673,0.37430555555555556,0.49056603773584906,0.45272536687631026,0.3765212981744422,0.3821872381102033,0.385174863715031,0.49056603773584906,0.490566037735849,0.4905660377358491,0.46736065929299503,0.47763139949954336,0.482625792045074,0.24842436974789917,0.2686196068385779,0.0,13.0,10.0,3.0,1.0,17.0,9.0,0.0,46.0,18.0,27.0,41.0,6.0,5.0,7.0,9.0
KNearestNeighbours,KNN-24-5,0.4510233918128655,0.5094339622641509,0.5084409136047666,0.4178921568627451,0.5094339622641509,0.5094339622641509,0.5094339622641509,0.4178921568627451,0.4111111111111111,0.5094339622641509,0.48511530398322855,0.41093405317543247,0.41372811874647863,0.41527610419363,0.5094339622641509,0.509433962264151,0.5094339622641509,0.49499549824858874,0.5014235896894496,0.5045269714400235,0.2830385015608742,0.295420507639396,0.0,12.0,10.0,5.0,1.0,15.0,9.0,1.0,46.0,20.0,27.0,40.0,6.0,6.0,7.0,7.0
KNearestNeighbours,KNN-25-5,0.3244047619047619,0.4716981132075472,0.39353099730458224,0.3631535947712418,0.4716981132075472,0.4716981132075472,0.4716981132075472,0.3631535947712418,0.3156633221850613,0.4716981132075472,0.4030878610041859,0.3397875816993464,0.350718011244327,0.35565024938894746,0.4716981132075472,0.4716981132075472,0.4716981132075472,0.4389690467381921,0.4543883932165958,0.4612771058709167,0.2168865435356201,0.2338660472348121,0.0,13.0,11.0,1.0,0.0,15.0,11.0,2.0,47.0,20.0,25.0,39.0,6.0,5.0,6.0,11.0
KNearestNeighbours,KNN-26-5,0.38190476190476186,0.49056603773584906,0.44513926325247083,0.39705882352941174,0.49056603773584906,0.49056603773584906,0.49056603773584906,0.39705882352941174,0.3763769889840881,0.49056603773584906,0.45370776656428263,0.38599770436907005,0.39106249014530164,0.3934176273422418,0.49056603773584906,0.490566037735849,0.4905660377358491,0.4726079015084127,0.48103453066121565,0.4848228893245849,0.2539103232533889,0.26352813852813856,0.0,12.0,10.0,4.0,0.0,13.0,11.0,3.0,47.0,22.0,25.0,38.0,6.0,6.0,7.0,8.0
KNearestNeighbours,KNN-27-5,0.3620689655172414,0.4716981132075472,0.42582953806115814,0.369281045751634,0.4716981132075472,0.4716981132075472,0.4716981132075472,0.369281045751634,0.33593300747556065,0.4716981132075472,0.41786105656037403,0.35101346673128847,0.3593085957259156,0.36320551296444425,0.4716981132075472,0.4716981132075472,0.4716981132075472,0.4443573892948075,0.4569953894104986,0.46278846841674437,0.21853607161664035,0.23461564787879344,0.0,13.0,10.0,2.0,0.0,16.0,10.0,2.0,47.0,19.0,26.0,39.0,6.0,5.0,7.0,10.0
KNearestNeighbours,KNN-28-5,0.3914835164835164,0.4716981132075472,0.44737023982306995,0.3831699346405229,0.4716981132075472,0.4716981132075472,0.4716981132075472,0.3831699346405229,0.3676900584795321,0.4716981132075472,0.43925852366765966,0.37334815324381937,0.37767405490983513,0.37979513071630633,0.4716981132075472,0.4716981132075472,0.4716981132075472,0.45466126525516576,0.46250105947047604,0.46612148250586793,0.22384937238493718,0.23424392629884383,0.0,11.0,10.0,4.0,0.0,15.0,11.0,2.0,47.0,20.0,25.0,39.0,6.0,7.0,7.0,8.0
KNearestNeighbours,KNN-29-5,0.4370689655172414,0.5094339622641509,0.49847104749512045,0.4048202614379085,0.5094339622641509,0.5094339622641509,0.5094339622641509,0.4048202614379085,0.3806965209890742,0.5094339622641509,0.4635010361626179,0.3892564737242955,0.39608089134936725,0.39944398095437994,0.5094339622641509,0.509433962264151,0.5094339622641509,0.48435277127132154,0.4957517579192938,0.5011005883021761,0.27435492364402314,0.2945415723972322,0.0,13.0,11.0,3.0,0.0,16.0,9.0,1.0,47.0,19.0,27.0,40.0,6.0,5.0,6.0,9.0
KNearestNeighbours,KNN-30-5,0.41435185185185186,0.4716981132075472,0.4685534591194968,0.3770424836601307,0.4716981132075472,0.4716981132075472,0.4716981132075472,0.3770424836601307,0.35699786324786326,0.4716981132075472,0.43188195452346395,0.3637820512820513,0.3696097883597883,0.3724773242630386,0.4716981132075472,0.4716981132075472,0.4716981132075472,0.4500080632156104,0.45992812219227314,0.4645488384032858,0.2193582325092056,0.23364809670148018,0.0,11.0,11.0,3.0,0.0,16.0,11.0,1.0,47.0,19.0,25.0,40.0,6.0,7.0,6.0,9.0
KNearestNeighbours,KNN-31-5,0.3903846153846154,0.49056603773584906,0.4529753265602322,0.3909313725490196,0.49056603773584906,0.49056603773584906,0.49056603773584906,0.3909313725490196,0.3656245715069245,0.49056603773584906,0.4460984816145749,0.37659371924870577,0.38308900664389267,0.3861547997905231,0.49056603773584906,0.490566037735849,0.4905660377358491,0.46802874466506666,0.47850786218502916,0.483279088127607,0.2496067121132668,0.26306839575082347,0.0,12.0,11.0,3.0,0.0,14.0,11.0,2.0,47.0,21.0,25.0,39.0,6.0,6.0,6.0,9.0
KNearestNeighbours,KNN-32-5,0.413003663003663,0.5094339622641509,0.47570668325385307,0.4117647058823529,0.5094339622641509,0.5094339622641509,0.5094339622641509,0.4117647058823529,0.3922115895800106,0.5094339622641509,0.4715777436730764,0.40014819910486044,0.4053397433422146,0.4078352820173651,0.5094339622641509,0.509433962264151,0.5094339622641509,0.4900088789667517,0.4990002727301649,0.5031190375221043,0.2792887029288702,0.29225760898033315,0.0,12.0,11.0,4.0,0.0,14.0,10.0,2.0,47.0,21.0,26.0,39.0,6.0,6.0,6.0,8.0
